Name,Subtitle,AM Service Time,PM Service Time,Street,City,State,Postcode,Phone,Email,Website,Minister/Pastor,URL,Presbytery,Latitude,Longitude,Attempt
Abbotsford,Unknown,9.30,6.00,443 Great North Rd,Abbotsford,New South Wales,2046,Unknown,Unknown,http://www.abbotsfordpc.org,Peter Morphew,https://preskey.org.au/index.php/new-south-wales-act/item/abbotsford-five-dock?category_id=48,Presbytery of Sydney Inner West,-33.8505529,151.129759,2
Albion Park,Unknown,9.45,6.00,250 Tongarra Rd,Albion Park,New South Wales,2527,Unknown,Unknown,http://albionparkpc.org.au,Gordon Coleman,https://preskey.org.au/index.php/new-south-wales-act/item/albion-park?category_id=48,Presbytery of the Illawarra,-34.57164845,150.76163087785403,0
Albury,Unknown,See sidebar for Service times,Unknown,402 Wagga Rd,Lavington,New South Wales,2541,Unknown,Unknown,http://www.alburychurch.org.au,David Hayes,https://preskey.org.au/index.php/new-south-wales-act/item/albury?category_id=48,Presbytery of Southern Rivers,-36.033765,146.9725506,0
Annandale-Leichhardt,Unknown,10.00 (Sunday School each Sunday at 10),Unknown,Cnr Johnston & Collins Sts,Annandale,New South Wales,2038,Unknown,Unknown,http://hunterbaillie.com,Thomas Wall,https://preskey.org.au/index.php/new-south-wales-act/item/annandale-leichhardt?category_id=48,Presbytery of Sydney Inner West,-33.881224,151.1709976,2
"Arabic, Evangelical",Unknown,Unknown,Unknown,236 Targo Rd,Toongabbie,New South Wales,2146,Unknown,Unknown,Unknown,Nabil Zakhary,https://preskey.org.au/index.php/new-south-wales-act/item/arabic-evangelical?category_id=48,unknown,-33.7892149,150.9506546,0
"Armidale, St Paul's",Unknown,9.30,Unknown,137 Faulkner St,Armidale,New South Wales,2350,Unknown,Unknown,Unknown,David Seaman,https://preskey.org.au/index.php/new-south-wales-act/item/armidale-st-paul-s?category_id=48,Presbytery of North Inland NSW,-30.5235707,151.6635423,0
Ashfield-Petersham,Unknown,"Ashfield: 9:00 am, 10:15am, 6:00 pm & Mandarin 10:00 am; Petersham, 10:00 am.",Unknown,Cnr Liverpool Rd & Knox St,Ashfield,New South Wales,2131,Unknown,Unknown,http://www.ashfieldpresbyterian.org.au,David Balzer,https://preskey.org.au/index.php/new-south-wales-act/item/ashfield-petersham?category_id=48,Presbytery of Sydney Inner West,-33.8894781,151.1274125,2
Ashford,Unknown,9.00,Unknown,Jubilee St,Ashford,New South Wales,2361,Unknown,Unknown,Unknown,Peter Barber,https://preskey.org.au/index.php/new-south-wales-act/item/ashford?category_id=48,Presbytery of North Inland NSW,-29.3210336,151.0916829,0
"Auburn, (NSW)",Unknown,10.00,Unknown,29 Queen St,Auburn,New South Wales,2144,Unknown,Unknown,http://auburnpresbyterianchurch.com.au,Tim Lee,https://preskey.org.au/index.php/new-south-wales-act/item/auburn-nsw?category_id=48,Presbytery of Western Sydney,-33.8545702,151.0255673,2
Balldale,Unknown,Unknown,6.00 (2nd Sun),Kavanagh St,Balldale,New South Wales,2646,Unknown,Unknown,Unknown,Richard Keith,https://preskey.org.au/index.php/new-south-wales-act/item/balldale?category_id=48,Presbytery of Southern Rivers,-35.8475986,146.5179511,0
Ballina,Unknown,9:03am,Unknown,Corner of Cherry & CraneSts,Ballina,New South Wales,2478,Unknown,Unknown,http://www.ballinachurch.org.au,Luke McPherson,https://preskey.org.au/index.php/new-south-wales-act/item/ballina?category_id=48,Presbytery of the Northern Rivers,-28.86574,153.5659468,2
Balmain,Unknown,10.00,Unknown,7 Campbell St,Balmain,New South Wales,2041,Unknown,Unknown,http://campbellstreet.org.au,Luke Tattersall,https://preskey.org.au/index.php/new-south-wales-act/item/balmain?category_id=48,Presbytery of Sydney East,-33.8583992,151.1807353,2
Balranald,Unknown,10.00,Unknown,Sturt Hwy,Balranald,New South Wales,2715,Unknown,Unknown,Unknown,Dennis Rayson,https://preskey.org.au/index.php/new-south-wales-act/item/balranald?category_id=48,Presbytery of Southern Rivers,-34.6616613,143.559819,0
Bangalow,Unknown,9.30,Unknown,Market St,Bangalow,New South Wales,2479,Unknown,Unknown,http://www.bangalowchurch.com.au,Unknown,https://preskey.org.au/index.php/new-south-wales-act/item/bangalow?category_id=48,Presbytery of the Northern Rivers,-28.6853067,153.5262665,0
Batemans Bay,Unknown,10.00,Unknown,16 Melaleuca Cres,Batemans Bay,New South Wales,2536,Unknown,Unknown,Unknown,Unknown,https://preskey.org.au/index.php/new-south-wales-act/item/batemans-bay?category_id=48,Presbytery of Canberra,-35.7072183,150.178289,2
Bathurst,Unknown,8:30 AM; 10.30 AM,3:00 PM; 6:00 PM,Cnr Howick & George Sts,Bathurst,New South Wales,2795,Unknown,Unknown,http://bathurstpresbyterian.org.au,Bryson Smith,https://preskey.org.au/index.php/new-south-wales-act/item/bathurst?category_id=48,Presbytery of Central Tablelands,-33.4166378,149.5804943,2
Bay and Basin,Unknown,9.30,Unknown,Community Centre,Shoalhaven Point,New South Wales,2540,Unknown,Unknown,Unknown,Fred Monckton,https://preskey.org.au/index.php/new-south-wales-act/item/bay-and-basin?category_id=48,Presbytery of the Illawarra,-34.9074381,150.7484382,2
Beacon Hill,Unknown,9.00,6.00,244 Warringah Rd,Beacon Hill,New South Wales,2100,Unknown,Unknown,Unknown,Wilson Fernandes,https://preskey.org.au/index.php/new-south-wales-act/item/warringah-christian-church?category_id=48,Presbytery of Sydney North,-33.7550273,151.2624371,0
Beecroft,Unknown,8.45 & 10.30,Unknown,3 Mary St,Beecroft,New South Wales,2119,Unknown,Unknown,http://www.beecroftpresbyterian.org.au,Paul Harris,https://preskey.org.au/index.php/new-south-wales-act/item/beecroft?category_id=48,Presbytery of Sydney North,-33.7533516,151.0641826,0
Ben Lomond,Unknown,Unknown,2.00 (1st Sun Even Months),Wandsworth Rd,Ben Lomond,New South Wales,2365,Unknown,Unknown,Unknown,Andrew Campbell,https://preskey.org.au/index.php/new-south-wales-act/item/ben-lomond?category_id=48,Presbytery of North Inland NSW,-30.0415875,151.6078094,0
"Beresfield, (St David's)",Unknown,7.45,Unknown,Beresford St,Beresfield,New South Wales,2322,Unknown,Unknown,Unknown,Michael Bosshard,https://preskey.org.au/index.php/new-south-wales-act/item/beresfield-st-david-s?category_id=48,Presbytery of the Hunter,-32.8010227,151.6571611,0
Berry,Unknown,10.00,Family Service: Last Sunday of each month 5 pm,Cnr Alexandra St & Victoria St,Berry,New South Wales,2535,Unknown,Unknown,http://www.berrypresbyterianchurch.net.au,Isaac Jung,https://preskey.org.au/index.php/new-south-wales-act/item/berry?category_id=48,Presbytery of the Illawarra,-34.78029735,150.69668534188347,2
Bexley,Unknown,9.30 (Bexley),5.30 (Rockdale),269 Forest Rd,Bexley,New South Wales,2207,Unknown,Unknown,Unknown,Ramise Biu Tabuatamata,https://preskey.org.au/index.php/new-south-wales-act/item/bexley?category_id=48,Presbytery of Sydney South,-33.9523543,151.1181427,2
Bingara,Unknown,10.00,Unknown,45 Cunningham St,Bingara,New South Wales,2404,Unknown,Unknown,Unknown,Unknown,https://preskey.org.au/index.php/new-south-wales-act/item/bingara?category_id=48,Presbytery of North Inland NSW,-29.8687381,150.5710054,0
Black Mountain,Unknown,Unknown,3pm 2nd Sunday even months,Black Mountain Baptist church,Black Mountain,New South Wales,2365,Unknown,Unknown,Unknown,Unknown,https://preskey.org.au/index.php/new-south-wales-act/item/black-mountain?category_id=48,Presbytery of North Inland NSW,-30.3094706,151.6626582,0
Blackheath,Unknown,"11.15 1st., 3rd & 5th Sundays",Unknown,123-125 Wentworth St,Blackheath,New South Wales,2785,Unknown,Unknown,Unknown,Unknown,https://preskey.org.au/index.php/new-south-wales-act/item/blackheath?category_id=48,Presbytery of Central Tablelands,-33.634515500000006,150.2865217505256,0
Blacktown East,Unknown,9.30,6.00,Cnr Heffron Rd & Gallop Grove,Lalor Park,New South Wales,2147,Unknown,Unknown,http://www.blacktowneastpc.org.au,Keith Boulden,https://preskey.org.au/index.php/new-south-wales-act/item/blacktown-east?category_id=48,Presbytery of Western Sydney,-33.7649937,150.9288833,2
Blaxland,Unknown,8.45 & 10.15,Unknown,15A Wilson Way,Blaxland,New South Wales,2774,Unknown,Unknown,http://blaxlandpresbyterian.org.au,Unknown,https://preskey.org.au/index.php/new-south-wales-act/item/blaxland?category_id=48,Presbytery of Western Sydney,-33.7469187,150.6166237,0
Blayney,Unknown,Unknown,Unknown,Adelaide St,Blayney,New South Wales,2799,Unknown,Unknown,http://orangepresbyterian.org.au,Angus Gibb,https://preskey.org.au/index.php/new-south-wales-act/item/blayney?category_id=48,unknown,-33.5260706,149.2566691,0
Bomaderry,Unknown,8.00 (4th Sun),Unknown,Meroo St,Bomaderry,New South Wales,2541,Unknown,Unknown,Unknown,Fred Monckton,https://preskey.org.au/index.php/new-south-wales-act/item/bomaderry?category_id=48,Presbytery of the Illawarra,-34.855813,150.6082007,0
Bondi,Unknown,10.00,7.00,Cnr Castlefield & Miller Sts,Bondi,New South Wales,2026,Unknown,Unknown,Unknown,Unknown,https://preskey.org.au/index.php/new-south-wales-act/item/bondi?category_id=48,Presbytery of Sydney East,-33.8930556,151.2633333,2
Bonnyrigg Christian PC,Unknown,Unknown,Unknown,14 - 16 Bibby's Place,Bonnyrigg,New South Wales,2177,Unknown,Unknown,Unknown,Edwin Kwok,https://preskey.org.au/index.php/new-south-wales-act/item/bonnyrigg-christian-pc?category_id=48,unknown,-33.8936698,150.888281,2
Botany-Mascot,Unknown,10.30,Unknown,768 Botany Rd,Mascot,New South Wales,2020,Unknown,Unknown,Unknown,(Noah) Yoon Nam,https://preskey.org.au/index.php/new-south-wales-act/item/botany-mascot?category_id=48,Presbytery of Sydney Inner West,-33.9361317,151.1943493,0
Bowenfels,Unknown,10.00,Unknown,15 Mudgee St,Bowenfels,New South Wales,2790,Unknown,Unknown,http://bowenfelspresbyterianparish.org.au,Stephen Fong,https://preskey.org.au/index.php/new-south-wales-act/item/bowenfels?category_id=48,Presbytery of Central Tablelands,-33.5119209,150.1220601,0
"Bowral, St Andrew's",Unknown,9.30,Unknown,10-12 Bendooley St,Bowral,New South Wales,2576,Unknown,Unknown,https://www.facebook.com/BowralPresbyterianChurch/,Andy Warner,https://preskey.org.au/index.php/new-south-wales-act/item/bowral-st-andrew-s?category_id=48,Presbytery of the Illawarra,-34.4803762,150.4200145,0
"Burwood, St James'",Unknown,9.30,Unknown,46 - 48 Belmore St,Burwood,New South Wales,2134,Unknown,Unknown,http://www.burwoodbpc.org.au,David Fitzgerald Maher,https://preskey.org.au/index.php/new-south-wales-act/item/burwood-st-james?category_id=48,Presbytery of Sydney Inner West,-33.8793519,151.1065334,0
Byron Bay,Unknown,9.30,Unknown,13 Ruskin St,Byron Bay,New South Wales,2481,Unknown,Unknown,Unknown,Unknown,https://preskey.org.au/index.php/new-south-wales-act/item/byron-bay?category_id=48,Presbytery of the Northern Rivers,-28.6513097,153.6202259,0
Camden,Unknown,9.30,Unknown,42 John St,Camden,New South Wales,2570,Unknown,Unknown,http://www.camdenpreschurch.org/,John Murray,https://preskey.org.au/index.php/new-south-wales-act/item/camden?category_id=48,Presbytery of Sydney South,-34.016087,150.71988490858,2
Campbelltown,Unknown,9:00 am,Unknown,40 Lithgow St,Campbelltown,New South Wales,2560,Unknown,Unknown,http://www.ctownpres.com/,Nate Ho,https://preskey.org.au/index.php/new-south-wales-act/item/campbelltown?category_id=48,Presbytery of Sydney South,-34.069393,150.816528,0
Caringbah,Unknown,9.30,Unknown,393 Port Hacking Road South,Caringbah,New South Wales,2229,Unknown,Unknown,http://www.caringbahchurch.org.au,Graham Self,https://preskey.org.au/index.php/new-south-wales-act/item/caringbah?category_id=48,Presbytery of Sydney South,-34.0432764,151.1235736,0
Carlingford,Unknown,10.00,6.00,"Roselea Public School,North Rocks Rd",Carlingford,New South Wales,2118,Unknown,Unknown,http://www.carlingford.org.au,Unknown,https://preskey.org.au/index.php/new-south-wales-act/item/carlingford-presbyterian-church?category_id=48,Presbytery of Western Sydney,-33.7653863,151.0538584,0
Casino,Unknown,9.30,Unknown,Canterbury St,Casino,New South Wales,2470,Unknown,Unknown,http://www.casinopc.org.au,George Ayoub,https://preskey.org.au/index.php/new-south-wales-act/item/casino?category_id=48,Presbytery of the Northern Rivers,-28.8628407,153.0481725,0
"Castle Hill, St Columba's",Unknown,9.30,Unknown,247 Old Northern Rd,Castle Hill,New South Wales,2154,Unknown,Unknown,http://www.facebook.com/St-Columbas-Presbyterian-Church-499513450226209/,Moses Hahn,https://preskey.org.au/index.php/new-south-wales-act/item/castle-hill-st-columba-s?category_id=48,Presbytery of Sydney North,-33.7305346,151.0169908,0
Chapel Hill Rozelle,Unknown,Unknown,Unknown,665A Darling St,Rozelle,New South Wales,2039,Unknown,Unknown,http://www.chapelhill.org.au,Michael Nhieu,https://preskey.org.au/index.php/new-south-wales-act/item/chapel-hill-presbyterian-church?category_id=48,unknown,-33.8623304,151.1709753,0
Charlestown,Unknown,9.45,6.00,Smart St,Charlestown,New South Wales,2290,Unknown,Unknown,http://www.charlestownpresbyterian.org.au,Stephen Taylor,https://preskey.org.au/index.php/new-south-wales-act/item/charlestown?category_id=48,Presbytery of the Hunter,-32.963434,151.6952842,0
"Chatswood, St Andrews",Unknown,9.00; 10.45,6.30,37 Anderson St,Chatswood,New South Wales,2067,Unknown,Unknown,http://www.chatswoodpc.org.au,Jeff Read,https://preskey.org.au/index.php/new-south-wales-act/item/chatswood-st-andrews?category_id=48,Presbytery of Sydney North,-33.7945403,151.1825157,0
Cherrybrook,Unknown,9.30,Unknown,"John Purchase Public School, Purchase Rd",Cherrybrook,New South Wales,2126,Unknown,Unknown,http://www.cherrybrookpc.org.au,Sylvester Ho Ching Siu,https://preskey.org.au/index.php/new-south-wales-act/item/cherrybrook?category_id=48,Presbytery of Sydney North,-33.7185939,151.0388817,0
Chester Hill,Unknown,9:00 English & 11:00 Korean,Unknown,64 Priam St,Chester Hill,New South Wales,2162,Unknown,Unknown,http://enchristochurch.com.au/,Unknown,https://preskey.org.au/index.php/new-south-wales-act/item/chester-hill?category_id=48,Presbytery of Sydney South,-33.8788398,151.0030022,0
Chinese (Surry Hills),Unknown,9am English; 9am Mandarin;10.30 Cantonese; 12noon Bilingual English/Cantonese,4pm English,Cnr Crown & Albion Sts,Surry Hills,New South Wales,2010,Unknown,Unknown,http://www.cpc.org.au,Christopher Chan,https://preskey.org.au/index.php/new-south-wales-act/item/chinese?category_id=48,Presbytery of Sydney East,-33.8845123,151.2100301,2
Chinese (Maroubra),Unknown,Unknown,4.00,8 Robey St,Maroubra,New South Wales,2035,Unknown,Unknown,Unknown,Johnnie Li,https://preskey.org.au/index.php/new-south-wales-act/item/chinese-maroubra?category_id=48,Presbytery of Sydney East,-33.9487369,151.2389993,0
"City Central Church, Wollongong",Unknown,9.45,6.00,Cnr Kembla & Burelli Sts,Wollongong,New South Wales,2500,Unknown,Unknown,http://www.wollongongpresychurch.com.au,Brett Richardson,https://preskey.org.au/index.php/new-south-wales-act/item/city-central-church-wollongong?category_id=48,Presbytery of the Illawarra,-34.4243941,150.89385,2
"Clarence Town, St David's",Unknown,11.00,Unknown,Marshall St,Clarence Town,New South Wales,2321,Unknown,Unknown,http://www.standrewsdungog.org.au,Allan Welch,https://preskey.org.au/index.php/new-south-wales-act/item/clarence-town-st-david-s?category_id=48,Presbytery of the Hunter,-32.5866699,151.775416,0
Coffs Harbour (Harbourside),Unknown,8.00 & 9.45,5.00,187 Harbour Drv,Coffs Harbour,New South Wales,2450,Unknown,Unknown,http://www.harboursidepc.com.au,Ben Smith,https://preskey.org.au/index.php/new-south-wales-act/item/coffs-harbour?category_id=48,Presbytery of the Mid North Coast,-30.3053028,153.1294989,0
Comboyne,Unknown,11.15 (4th Sunday),Unknown,12 Thone St,Comboyne,New South Wales,Unknown,Unknown,Unknown,Unknown,Unknown,https://preskey.org.au/index.php/new-south-wales-act/item/comboyne?category_id=48,Presbytery of the Mid North Coast,-31.6059599,152.4685476,1
Como,Unknown,9.30,Unknown,48 Bindea St,Como,New South Wales,2226,Unknown,Unknown,Unknown,Jim Mobbs,https://preskey.org.au/index.php/new-south-wales-act/item/como?category_id=48,Presbytery of Sydney South,-34.00840875,151.06087277507112,0
Concord (North Strathfield),Unknown,9.00 & 10.30,Unknown,182 Concord Rd,North Stratfield,New South Wales,2137,Unknown,Unknown,Unknown,Peter Crickitt,https://preskey.org.au/index.php/new-south-wales-act/item/concord-north-strathfield?category_id=48,Presbytery of Sydney Inner West,,,3
Condobolin,Unknown,Unknown,Unknown,McDonnell St,Condobolin,New South Wales,2877,Unknown,Unknown,Unknown,Barry Best,https://preskey.org.au/index.php/new-south-wales-act/item/condobolin?category_id=48,unknown,-33.0886871,147.1497477,0
Cook Island,Unknown,10.00,Unknown,121 Rooty Hill Rd South,Rooty Hill,New South Wales,2195,Unknown,Unknown,Unknown,Unknown,https://preskey.org.au/index.php/new-south-wales-act/item/cook-island?category_id=48,Presbytery of Western Sydney,-33.7807206,150.85138267051283,0
Coolah,Unknown,Unknown,Unknown,Booyamurra St,Coolah,New South Wales,2843,Unknown,Unknown,Unknown,Unknown,https://preskey.org.au/index.php/new-south-wales-act/item/coolah?category_id=48,unknown,-31.8262087,149.7226571,0
Coonabarabran,Unknown,10.00,Unknown,12 John St,Coonabarabran,New South Wales,2357,Unknown,Unknown,Unknown,Kristian Hartberg,https://preskey.org.au/index.php/new-south-wales-act/item/coonabarabran?category_id=48,Presbytery of Central West,-31.2764098,149.278409,0
Cootamundra,Unknown,10.00,Unknown,Cnr Parker & Francis Sts,Cootamundra,New South Wales,2590,Unknown,Unknown,Unknown,Jeremy Bosshard,https://preskey.org.au/index.php/new-south-wales-act/item/cootamundra?category_id=48,Presbytery of Southern Rivers,-34.6394513,148.025723,2
Coreen,Unknown,Unknown,Unknown,Main Rd,Coreen,New South Wales,2646,Unknown,Unknown,Unknown,Richard Keith,https://preskey.org.au/index.php/new-south-wales-act/item/coreen?category_id=48,unknown,-35.7484931,146.3451003,2
Cornerstone (Concord),Unknown,9.30,Unknown,Concord Public School Cnr Burwood Rd & Stanley St,Concord,New South Wales,2137,Unknown,Unknown,http://www.cornerstonechurch.com.au,Simon Wong,https://preskey.org.au/index.php/new-south-wales-act/item/cornerstone-concord?category_id=48,Presbytery of Sydney Inner West,-33.8556716,151.1067667,2
Cornerstone (Eastwood),Unknown,9.30,Unknown,"Eastwood Heights Public School, Lincoln St",Eastwood,New South Wales,2122,Unknown,Unknown,http://www.cornerstonechurch.com.au,Choong Seong Tang,https://preskey.org.au/index.php/new-south-wales-act/item/cornerstone-eastwood?category_id=48,Presbytery of Sydney Inner West,-33.78197375,151.0954371265091,0
Cornerstone (Homebush Bay),Unknown,9/30,Unknown,64 Victoria Ave,Concord West,New South Wales,2138,Unknown,Unknown,http://www.cornerstonechurch.com.au,Unknown,https://preskey.org.au/index.php/new-south-wales-act/item/cornerstone-homebush-bay?category_id=48,Presbytery of Sydney Inner West,-33.847877,151.0827344,0
Cornerstone (Strathfield),Unknown,9.30,Unknown,Cnr Barker Rd & Marion Rd,Strathfield,New South Wales,2135,Unknown,Unknown,http://www.cornerstonechurch.com.au,Michael Bedros,https://preskey.org.au/index.php/new-south-wales-act/item/cornerstone-strathfield?category_id=48,Presbytery of Sydney Inner West,-33.8798136,151.07850600180825,2
Corowa,Unknown,9.30,Unknown,Mary St,Corowa,New South Wales,2646,Unknown,Unknown,Unknown,Richard Keith,https://preskey.org.au/index.php/new-south-wales-act/item/corowa?category_id=48,Presbytery of Southern Rivers,-35.9962669,146.3889966,0
"Cowra, St Peter's",Unknown,9.30,Unknown,50 Macquarie St,Cowra,New South Wales,2974,Unknown,Unknown,http://cowrachurch.org/,Stephen Moore,https://preskey.org.au/index.php/new-south-wales-act/item/cowra-st-peter-s?category_id=48,Presbytery of Central Tablelands,-33.8311463,148.6893697,1
Cronulla,Unknown,9.30,5.30,11 Croydon St,Cronulla,New South Wales,2230,Unknown,Unknown,http://www.cronullapresbyterian.com,Unknown,https://preskey.org.au/index.php/new-south-wales-act/item/cronulla-community?category_id=48,Presbytery of Sydney South,-34.0547778,151.1514006,0
"Crookwell, St Andrew's",Unknown,Unknown,Thursday. 7.30pm,Colyer St,Crookwell,New South Wales,2583,Unknown,Unknown,Unknown,Unknown,https://preskey.org.au/index.php/new-south-wales-act/item/crookwell-st-andrew-s?category_id=48,Presbytery of Canberra,-34.4586724,149.473175,0
Delungra,Unknown,8.45,Unknown,Inverell St,Delungra,New South Wales,2403,Unknown,Unknown,Unknown,Peter Barber,https://preskey.org.au/index.php/new-south-wales-act/item/delungra?category_id=48,Presbytery of North Inland NSW,-29.6536647,150.8290472,0
Drummoyne,Unknown,9.00 (trad) 10.30 (contemporay),5pm (contemporary),Corner Lyons Road and College Street,Drummoyne,New South Wales,2047,Unknown,Unknown,http://www.drummoyne.org.au,Alexander (Sandy) McMillan,https://preskey.org.au/index.php/new-south-wales-act/item/drummoyne?category_id=48,Presbytery of Sydney Inner West,-33.8520678,151.153689,2
Dubbo,Unknown,"8.30, 10.30",6.00,61 Douglas Mawson Rd,Dubbo,New South Wales,2830,Unknown,Unknown,http://dubbo.church,Wayne Connor,https://preskey.org.au/index.php/new-south-wales-act/item/dubbo?category_id=48,Presbytery of Central West,-32.2478964,148.6026502,2
Dunedoo,Unknown,Unknown,Unknown,58 Tucklan St,Dunedoo,New South Wales,2844,Unknown,Unknown,Unknown,Unknown,https://preskey.org.au/index.php/new-south-wales-act/item/dunedoo?category_id=48,unknown,-32.0198815,149.3955937,0
"Dungog, St Andrew's",Unknown,9.00,Unknown,Dowling St,Dungog,New South Wales,2420,Unknown,Unknown,http://www.dungogpc.org.au,Allan Welch,https://preskey.org.au/index.php/new-south-wales-act/item/dungog-st-andrew-s?category_id=48,Presbytery of the Hunter,-32.3977888,151.7591634,0
East Maitland (St Stephens),Unknown,9.30,Unknown,64 George St,East Maitland,New South Wales,2323,Unknown,Unknown,Unknown,Michael Bosshard,https://preskey.org.au/index.php/new-south-wales-act/item/east-maitland-st-stephens?category_id=48,Presbytery of the Hunter,-32.7575206,151.5854642,2
Engadine,Unknown,10.30,Unknown,80 Anzac Ave,Engadine,New South Wales,2233,Unknown,Unknown,Unknown,Luke Yoo,https://preskey.org.au/index.php/new-south-wales-act/item/engadine?category_id=48,Presbytery of Sydney South,-34.0625544,151.0166229,0
Epping,Unknown,9.00 & 10.30,4.30 & 6.30,9 Bridge St,Epping,New South Wales,2121,Unknown,Unknown,http://www.eppingpresbyterian.org.au,Unknown,https://preskey.org.au/index.php/new-south-wales-act/item/epping?category_id=48,Presbytery of Sydney North,-33.7739313,151.0813332,0
Evans Head,Unknown,9.30,Unknown,63 Woodburn Street,Evans Head,New South Wales,2473,Unknown,Unknown,https://www.evansheadpc.org,Jesse Barnwell,https://preskey.org.au/index.php/new-south-wales-act/item/evans-head?category_id=48,Presbytery of the Northern Rivers,-29.1178896,153.4307329,0
Forbes,Unknown,Unknown,Unknown,Harold St,Forbes,New South Wales,2871,Unknown,Unknown,http://pfphpresbyterian.org.au,Craig Bland,https://preskey.org.au/index.php/new-south-wales-act/item/forbes?category_id=48,unknown,-33.3862033,148.0077743,0
Forster - Tuncurry,Unknown,9.30,6.00,16 Bruce St,Forster,New South Wales,2428,Unknown,Unknown,http://forstertuncurrypc.org.au,Carl Grande,https://preskey.org.au/index.php/new-south-wales-act/item/forster-tuncurry?category_id=48,Presbytery of the Mid North Coast,-32.1867907,152.5127936,0
Garah,Unknown,Unknown,Unknown,Railway Prd,Garah,New South Wales,2405,Unknown,Unknown,Unknown,Philip Speirs,https://preskey.org.au/index.php/new-south-wales-act/item/garah?category_id=48,unknown,-29.0747674,149.6348667,2
Ghanaian,Unknown,Unknown,Unknown,7 McKern St,Wentworthville,New South Wales,2145,Unknown,Unknown,Unknown,Unknown,https://preskey.org.au/index.php/new-south-wales-act/item/ghanaian?category_id=48,unknown,-33.809932,150.9713348,0
Gilgandra,Unknown,11.00 (9.00 4th Sun),"5.00 (4.00 May, June,July, Aug)",40 Myrtle St,Gilgandra,New South Wales,2827,Unknown,Unknown,http://www.gilgandrapc.com,Peter Tamsett,https://preskey.org.au/index.php/new-south-wales-act/item/gilgandra?category_id=48,Presbytery of Central West,-31.7095304,148.6601799,0
"Gladesville, Church of St Andrew",Unknown,9.00,Unknown,2 Pittwater Road,Gladesville,New South Wales,2111,Unknown,Unknown,http://www.gladeshill.org.au,Unknown,https://preskey.org.au/index.php/new-south-wales-act/item/gladesville-church-of-st-andrew?category_id=48,Presbytery of Sydney North,-33.8292507,151.1272968,0
"Glen Innes, St Andrew's",Unknown,"10.30am m/tea, 11am serVice",Unknown,Heron St,Glen Innes,New South Wales,2370,Unknown,Unknown,Unknown,Andrew Campbell,https://preskey.org.au/index.php/new-south-wales-act/item/glen-innes-st-andrew-s?category_id=48,Presbytery of North Inland NSW,-29.7506032,151.7345697,0
Gloucester,Unknown,9.30,Unknown,Barrington St,Gloucester,New South Wales,2422,Unknown,Unknown,Unknown,Ian Johnstone,https://preskey.org.au/index.php/new-south-wales-act/item/gloucester?category_id=48,Presbytery of the Mid North Coast,-32.0105965,151.9600305,0
Gosford,Unknown,8.00 and 9.45,6.30,14-16 Young St,West Gosford,New South Wales,2250,Unknown,Unknown,http://www.gosfordpc.com.au,James Snare,https://preskey.org.au/index.php/new-south-wales-act/item/gosford?category_id=48,Presbytery of Central Coast,-33.415,151.3177778,2
"Goulburn, St Andrew's",Unknown,9.30,Unknown,25 Clifford St,Goulburn,New South Wales,2580,Unknown,Unknown,Unknown,Mike Adams,https://preskey.org.au/index.php/new-south-wales-act/item/goulburn-st-andrew-s?category_id=48,Presbytery of Canberra,-34.75228205,149.71937353817128,0
Warabrook Grace - (Newcastle),Unknown,10.00,6.00,144 Nelson St,Wallsend,New South Wales,2287,Unknown,Unknown,http://gracepc.org.au,Unknown,https://preskey.org.au/index.php/new-south-wales-act/item/grace-presbyterian-church-newcastle-warabrook?category_id=48,Presbytery of the Hunter,-32.8982102,151.6642875,0
"Grafton, St Andrew's",Unknown,9.30,Unknown,116 Oliver St,Grafton,New South Wales,2460,Unknown,Unknown,Unknown,Unknown,https://preskey.org.au/index.php/new-south-wales-act/item/grafton-st-andrew-s?category_id=48,Presbytery of the Northern Rivers,-29.69125,152.9333435,2
Granville,Unknown,9.00,Unknown,14 Hutchinson St,Granville,New South Wales,2142,Unknown,Unknown,Unknown,Winston Siew Soon Mah,https://preskey.org.au/index.php/new-south-wales-act/item/granville?category_id=48,Presbytery of Western Sydney,-33.8345204,151.0079883,0
Grenfell,Unknown,10.00,Unknown,Corner Weddin St & Middle St,Grenfell,New South Wales,2810,Unknown,Unknown,http://grenfellpresbyterian.blogspot.com,Steven Hay,https://preskey.org.au/index.php/new-south-wales-act/item/grenfell?category_id=48,Presbytery of Central Tablelands,-33.8967902,148.160764,2
Griffith,Unknown,9.30,Unknown,Blumer Ave,Griffith,New South Wales,2680,Unknown,Unknown,Unknown,Unknown,https://preskey.org.au/index.php/new-south-wales-act/item/griffith?category_id=48,Presbytery of Southern Rivers,-34.2745874,146.0738526,0
Gulargambone,Unknown,9.00,Unknown,Armitree St,Gulargambone,New South Wales,2828,Unknown,Unknown,http://www.gilgandrapc.com,Peter Tamsett,https://preskey.org.au/index.php/new-south-wales-act/item/gulargambone?category_id=48,Presbytery of Central West,-31.334842,148.468013,0
Gulgong,Unknown,10.00,Unknown,46 Bayley St,Gulgong,New South Wales,2852,Unknown,Unknown,http://gulgongpresbyterian.org,Unknown,https://preskey.org.au/index.php/new-south-wales-act/item/gulgong?category_id=48,Presbytery of Central Tablelands,-32.3628305,149.5338212,2
Gunnedah,Unknown,9.30,6.30,Cnr Marquis St & Barber St,Gunnedah,New South Wales,2380,Unknown,Unknown,Unknown,Lyle Sims,https://preskey.org.au/index.php/new-south-wales-act/item/gunnedah?category_id=48,unknown,-31.02375935,150.20365272930607,2
Guyra,Unknown,10.00,Unknown,Tenterden St,Guyra,New South Wales,2365,Unknown,Unknown,Unknown,Andrew Campbell,https://preskey.org.au/index.php/new-south-wales-act/item/guyra?category_id=48,Presbytery of North Inland NSW,-30.2200006,151.6728456,0
"Hamilton (NSW), Scots Kirk",Unknown,9.30,Unknown,Cnr Tudor & Murray Sts,Hamilton,New South Wales,2303,Unknown,Unknown,http://www.hamiltonpresbyterian.com,Garry White,https://preskey.org.au/index.php/new-south-wales-act/item/hamilton-nsw-scots-kirk?category_id=48,Presbytery of the Hunter,-32.9186415,151.7487447,2
Henty,Unknown,10.30,Unknown,2A Hayes St,Henty,New South Wales,2658,Unknown,Unknown,http://www.hentylockhartpresy.org.au,Craig Nicholas,https://preskey.org.au/index.php/new-south-wales-act/item/henty?category_id=48,Presbytery of Southern Rivers,-35.52058,147.0320803,0
"Hill End, St Paul's",Unknown,Unknown,2.00 4th Sunday of month,Tambaroora St,Hill End,New South Wales,2850,Unknown,Unknown,Unknown,Unknown,https://preskey.org.au/index.php/new-south-wales-act/item/hill-end-st-paul-s?category_id=48,Presbytery of Central Tablelands,-33.0342077,149.4158028,0
"Hurstville, Indonesian",Unknown,Indonesian Service: 9.00 AM.,Unknown,40 Collingwood Ave,Earlwood,New South Wales,2206,Unknown,Unknown,Unknown,Gunung Maston,https://preskey.org.au/index.php/new-south-wales-act/item/hurstville-indonesian?category_id=48,Presbytery of Sydney South,-33.9256542,151.1280541,0
Ingleburn,Unknown,10.00,Unknown,6/48 Lancaster St,Ingleburn,New South Wales,2565,Unknown,Unknown,Unknown,Janet Frost,https://preskey.org.au/index.php/new-south-wales-act/item/ingleburn?category_id=48,Presbytery of Sydney South,-33.9983333,150.8511111,2
"Inverell, St Andrew's",Unknown,9.30,6.30,94 Vivian St,Inverell,New South Wales,2360,Unknown,Unknown,http://inverell.presbyterian.org.au,Peter Barber,https://preskey.org.au/index.php/new-south-wales-act/item/inverell-st-andrew-s?category_id=48,Presbytery of North Inland NSW,-29.7780846,151.1171681,0
Junee,Unknown,10.00,Unknown,Cnr Lisgar & Denison Sts,Junee,New South Wales,2663,Unknown,Unknown,Unknown,Unknown,https://preskey.org.au/index.php/new-south-wales-act/item/junee?category_id=48,Presbytery of Southern Rivers,-34.81502565,147.6726749913009,2
Kempsey,Unknown,9.00,Unknown,54 Rudder St,Kempsey,New South Wales,2440,Unknown,Unknown,https://kswrpc.org/,Bryan Kim,https://preskey.org.au/index.php/new-south-wales-act/item/kempsey?category_id=48,Presbytery of the Mid North Coast,-31.0769267,152.8490647,0
Kiama,Unknown,9.00,Unknown,Cnr Shoalhaven & Terralong St,Kiama,New South Wales,2533,Unknown,Unknown,http://www.kiamapc.com.au,Andrew Satchell,https://preskey.org.au/index.php/new-south-wales-act/item/kiama?category_id=48,Presbytery of the Illawarra,-34.6958202,150.79591231385055,2
Kingsford (IPC),Unknown,11.15,Unknown,94 Houston Rd,Kingsford,New South Wales,2032,Unknown,Unknown,http://www.ipc.org.au,Joni Tjiong,https://preskey.org.au/index.php/new-south-wales-act/item/kingsford-ipc?category_id=48,Presbytery of Sydney East,-33.9215922,151.2272307,2
Cornerstone Kogarah Presbyterian Church,Unknown,9.30,Unknown,12-16 Derby St,Kogarah,New South Wales,2217,Unknown,Unknown,https://www.cornerstonechurch.com.au/,Daniel Au,https://preskey.org.au/index.php/new-south-wales-act/item/cornerstone-kogarah-presbyterian-church?category_id=48,Presbytery of Sydney Inner West,-33.965346,151.1323301,0
Korean Antioch,Unknown,9.30; 11.00,1.30 Wednesday 7.30 Sunday,"Strathfield Girls' High School, 116 - 146 Albert Rd",Strathfield,New South Wales,2135,Unknown,Unknown,http://www.sydneyantioch.com,Unknown,https://preskey.org.au/index.php/new-south-wales-act/item/korean-antioch?category_id=48,Presbytery of Sydney Inner West,-33.8798136,151.07850600180825,2
Korean Canaan (Petersham),Unknown,11.00,2.00,2 Gordon St,Petersham,New South Wales,2049,Unknown,Unknown,Unknown,Won-Hyoung Moon,https://preskey.org.au/index.php/new-south-wales-act/item/korean-canaan-petersham?category_id=48,Presbytery of Sydney Inner West,-33.896082,151.1521467,0
Korean (Ashfield),Unknown,8.30,12.00,Cnr Knox St & Liverpool Rd,Ashfield,New South Wales,2131,Unknown,Unknown,Unknown,Joung-Yeol Kim,https://preskey.org.au/index.php/new-south-wales-act/item/korean-hallelujah?category_id=48,Presbytery of Sydney Inner West,-33.8894781,151.1274125,2
Carlingford-Rainbow (Korean),Unknown,12.00,2.30,203 Marsden Rd,Carlingford,New South Wales,2118,Unknown,Unknown,Unknown,Ju Sang (Mike) Kim,https://preskey.org.au/index.php/new-south-wales-act/item/korean-rainbow?category_id=48,Presbytery of Sydney North,-33.7873418,151.0618354,0
Sydney Urim (Korean),Unknown,11.30,1.30,37 Anderson St,Chatswood,New South Wales,2067,Unknown,Unknown,Unknown,Man Park,https://preskey.org.au/index.php/new-south-wales-act/item/korean-urim?category_id=48,Presbytery of Sydney North,-33.7945403,151.1825157,0
Sydney Young Nak (Korean),Unknown,9.30 & 11.00,1.15 (english); 3.00,7-9 Manson St,Telopea,New South Wales,2117,Unknown,Unknown,Unknown,Myeong-Gu Lee,https://preskey.org.au/index.php/new-south-wales-act/item/korean-young-nak?category_id=48,Presbytery of Sydney North,-33.7967522,151.0408174,0
Krambach,Unknown,11.15 Last Sun of month,Unknown,Unknown,Krambach,New South Wales,2429,Unknown,Unknown,Unknown,Unknown,https://preskey.org.au/index.php/new-south-wales-act/item/krambach?category_id=48,Presbytery of the Mid North Coast,-32.0521151,152.2606101,2
"Kyogle, Gateway Presbyterian Church",Unknown,9.30,Unknown,Stratheden St,Kyogle,New South Wales,2474,Unknown,Unknown,Unknown,George Ayoub,https://preskey.org.au/index.php/new-south-wales-act/item/kyogle?category_id=48,Presbytery of the Northern Rivers,-28.6216331,153.0063379,0
"Lakemba, Samoan",Unknown,11.30,Unknown,1003 Canterbury Rd,Lakemba,New South Wales,2195,Unknown,Unknown,Unknown,Fa'au'ga Si'itia,https://preskey.org.au/index.php/new-south-wales-act/item/lakemba-samoan?category_id=48,Presbytery of Sydney South,-33.9196311,151.0749236,2
Lawrence,Unknown,Unknown,Unknown,Richmond St,Lawrence,New South Wales,2460,Unknown,Unknown,http://lowerclarencepresbyterian.com/,Paul Richards,https://preskey.org.au/index.php/new-south-wales-act/item/lawrence?category_id=48,unknown,-29.4897794,153.0952173,0
Leeton,Unknown,10.00,Unknown,Cnr Sycamore & Cypress Sts,Leeton,New South Wales,2705,Unknown,Unknown,Unknown,David Hawken,https://preskey.org.au/index.php/new-south-wales-act/item/leeton?category_id=48,Presbytery of Southern Rivers,-34.52975335,146.29325801998567,2
"Lismore, St Paul's",Unknown,9.00,7.00,188 Keen St,Lismore,New South Wales,2480,Unknown,Unknown,http://www.lpc.org.au,Unknown,https://preskey.org.au/index.php/new-south-wales-act/item/lismore-st-paul-s?category_id=48,Presbytery of the Northern Rivers,-28.8110386,153.2770726,0
Liverpool (St Paul),Unknown,9.00,Unknown,117-119 Moore St,Liverpool,New South Wales,2170,Unknown,Unknown,http://liverpool-presbyterian-church.org/,Bruce Hammonds,https://preskey.org.au/index.php/new-south-wales-act/item/liverpool-st-paul?category_id=48,Presbytery of Sydney South,-33.952588649999996,150.89884316797682,2
Lockhart,Unknown,8.45 (2nd & 4th & 5th Sun),6.00 (1st & 3rd Sun),58 Hebden St,Lockhart,New South Wales,2656,Unknown,Unknown,http://www.hentylockhartpresy.org.au/,Craig Nicholas,https://preskey.org.au/index.php/new-south-wales-act/item/lockhart?category_id=48,Presbytery of Southern Rivers,-35.2215841,146.7133866,0
Macksville,Unknown,8.45,Unknown,49 Wallace St,Macksville,New South Wales,2447,Unknown,Unknown,Unknown,Darryl Spriggs,https://preskey.org.au/index.php/new-south-wales-act/item/macksville?category_id=48,Presbytery of the Mid North Coast,-30.7203018,152.9143919,0
Maclean,Unknown,9.30,Unknown,Cnr River & Church Sts,Maclean,New South Wales,2463,Unknown,Unknown,http://www.macleanpc.org.au,Peter Huxley,https://preskey.org.au/index.php/new-south-wales-act/item/maclean?category_id=48,Presbytery of the Northern Rivers,-29.4566667,153.2011111,2
Macquarie Chapel,Unknown,8.30am & 10.30am,Unknown,2 Herring Rd,Eastwood,New South Wales,2122,Unknown,Unknown,http://www.macchap.com.au,Unknown,https://preskey.org.au/index.php/new-south-wales-act/item/macquarie-chapel?category_id=48,Presbytery of Sydney North,-33.79,151.0844444,2
Maitland,Unknown,9.30 a.m.,Unknown,10 Freechurch St,Maitland,New South Wales,2320,Unknown,Unknown,https://www.maitlandpresbyterianchurch.org.au/,Russell Vandervelden,https://preskey.org.au/index.php/new-south-wales-act/item/maitland?category_id=48,Presbytery of the Hunter,-32.7316683,151.5511123,2
"Manilla, St Andrew's",Unknown,9.30,Unknown,Cnr Rowan & Court Sts,Manilla,New South Wales,2346,Unknown,Unknown,http://manillapresbyterian.org.au,Unknown,https://preskey.org.au/index.php/new-south-wales-act/item/manilla-st-andrew-s?category_id=48,Presbytery of North Inland NSW,-30.7465571,150.7218323,2
"Manly, St Andrew's",Unknown,9.45,Unknown,56 Raglan St,Manly,New South Wales,2095,Unknown,Unknown,http://www.Stamp.org.au,Duncan Anderson,https://preskey.org.au/index.php/new-south-wales-act/item/manly-st-andrew-s?category_id=48,Presbytery of Sydney North,-33.7958582,151.2874767,0
Maroubra,Unknown,10.00,5.00,8 Robey St,Maroubra,New South Wales,2035,Unknown,Unknown,http://www.maroubrapresbyterian.org.au,Johnnie Li,https://preskey.org.au/index.php/new-south-wales-act/item/maroubra?category_id=48,Presbytery of Sydney East,-33.9487369,151.2389993,0
Merrylands,Unknown,11.00,Unknown,303 Merrylands Rd,Merrylands,New South Wales,2160,Unknown,Unknown,Unknown,Winston Siew Soon Mah,https://preskey.org.au/index.php/new-south-wales-act/item/merrylands?category_id=48,Presbytery of Western Sydney,-33.8351081,150.9828357,0
Merrylands East,Unknown,Arabic at 10am downstairs; English at 10am upstairs,Unknown,Cnr Kimberley & Excelsior Sts,Merrylands,New South Wales,2160,Unknown,Unknown,http://www.mepchurch.com.au/,Hamdy Awad,https://preskey.org.au/index.php/new-south-wales-act/item/merrylands-east?category_id=48,Presbytery of Western Sydney,-33.8350765,150.9860379,2
"Mittagong, St Paul's",Unknown,10.00,Unknown,Cnr Alice & Edwards Sts,Mittagong,New South Wales,2575,Unknown,Unknown,http://mittagongchurches.org.au,Douglas McPherson,https://preskey.org.au/index.php/new-south-wales-act/item/mittagong-st-paul-s?category_id=48,Presbytery of the Illawarra,-34.4500664,150.4473469,2
"Moree, St Andrew's",Unknown,10.00,Unknown,Cnr Albert & Auburn Sts,Moree,New South Wales,2400,Unknown,Unknown,Unknown,Philip Speirs,https://preskey.org.au/index.php/new-south-wales-act/item/moree-st-andrew-s?category_id=48,Presbytery of North Inland NSW,-29.4617202,149.8407153,2
Moruya,Unknown,10.00,Unknown,31 Evans St,Moruya,New South Wales,2537,Unknown,Unknown,Unknown,Unknown,https://preskey.org.au/index.php/new-south-wales-act/item/moruya?category_id=48,Presbytery of Canberra,-35.9115587,150.0755191,0
"Moss Vale, St Andrew's",Unknown,10.00,Unknown,7 Browley St,Moss Vale,New South Wales,2577,Unknown,Unknown,http://www.mvpc.org.au/,Unknown,https://preskey.org.au/index.php/new-south-wales-act/item/moss-vale-st-andrew-s?category_id=48,Presbytery of the Illawarra,-34.54964235,150.3657896401556,0
Mt Lambie,Unknown,Unknown,Every fifth Sunday at 2.00pm,Thorpes Pinch Road,Mt Lambie,New South Wales,2790,Unknown,Unknown,http://bowenfelspresbyterianparish.org.au,Stephen Fong,https://preskey.org.au/index.php/new-south-wales-act/item/mt-lambie?category_id=48,Presbytery of Central Tablelands,-33.4499501,149.9665304,0
"Mudgee, St Paul's",Unknown,9.30,Unknown,105 Mortimer St,Mudgee,New South Wales,2850,Unknown,Unknown,Unknown,Unknown,https://preskey.org.au/index.php/new-south-wales-act/item/mudgee-st-paul-s?category_id=48,Presbytery of Central Tablelands,-32.5939071,149.5943949,0
Mullumbimby,Unknown,10.00,Unknown,104 Stuart St,Mullumbimby,New South Wales,2482,Unknown,Unknown,Unknown,Jon Nuttall,https://preskey.org.au/index.php/new-south-wales-act/item/mullumbimby?category_id=48,Presbytery of the Northern Rivers,-28.5499151,153.5014297,0
"Murwillumbah, St Andrew's",Unknown,9.00,Unknown,16 Wollumbin St,Murwillumbah,New South Wales,2484,Unknown,Unknown,http://www.pcmurwillumbah.org.au/,Unknown,https://preskey.org.au/index.php/new-south-wales-act/item/murwillumbah-st-andrew-s?category_id=48,Presbytery of the Northern Rivers,-28.3277658,153.3970809,0
Muswellbrook,Unknown,No Services held at this time,Unknown,100 Hill St,Muswellbrook,New South Wales,2333,Unknown,Unknown,Unknown,Timothy Wonil Lee,https://preskey.org.au/index.php/new-south-wales-act/item/muswellbrook?category_id=48,Presbytery of the Hunter,-32.2619041,150.8940861,0
Nambucca River,Unknown,10.30,Unknown,35 Centenary Pde,Nambucca Heads,New South Wales,2448,Unknown,Unknown,Unknown,Unknown,https://preskey.org.au/index.php/new-south-wales-act/item/nambucca-river?category_id=48,Presbytery of the Mid North Coast,-30.6371147,152.9844019,0
Narooma,Unknown,Unknown,5.00,Marine Pde,Narooma,New South Wales,2546,Unknown,Unknown,Unknown,Unknown,https://preskey.org.au/index.php/new-south-wales-act/item/narooma?category_id=48,Presbytery of Canberra,-36.2190152,150.1317243,2
Narrabri,Unknown,9.00,Unknown,3 Dewhurst St,Narrabri,New South Wales,2390,Unknown,Unknown,Unknown,Unknown,https://preskey.org.au/index.php/new-south-wales-act/item/narrabri?category_id=48,unknown,-30.3259025,149.7858403,0
"Newcastle, Presbyterian Samoan",Unknown,9.30 Sunday School 11.00,Unknown,137 St James St,New Lambton,New South Wales,2305,Unknown,Unknown,Unknown,Poloaiga Imo,https://preskey.org.au/index.php/new-south-wales-act/item/newcastle-presbyterian-samoan?category_id=48,Presbytery of the Hunter,-32.9277778,151.7108333,2
"Nimbin, St Stephen's",Unknown,11.15 (2nd 4th Sund),Unknown,Cullen St,Nimbin,New South Wales,2480,Unknown,Unknown,Unknown,Glenn Samuel,https://preskey.org.au/index.php/new-south-wales-act/item/nimbin-st-stephen-s?category_id=48,Presbytery of the Northern Rivers,-28.5966938,153.2229311,0
"North Sydney, St Peter's",Unknown,9.30,6.00,234 Blues Point Rd,North Sydney,New South Wales,2060,Unknown,Unknown,http://nthsydgreenpc.pcNSW.org.au,John Buchanan,https://preskey.org.au/index.php/new-south-wales-act/item/north-sydney-st-peter-s?category_id=48,Presbytery of Sydney North,-33.8411357,151.2063025,0
Ootha,Unknown,Unknown,Unknown,Unknown,Ootha,New South Wales,2797,Unknown,Unknown,Unknown,Barry Best,https://preskey.org.au/index.php/new-south-wales-act/item/ootha?category_id=48,unknown,-33.121038,147.4488234,2
"Orange, St James",Unknown,10.00,4.00,Cnr Anson St & Matthews Ave,Orange,New South Wales,2800,Unknown,Unknown,http://www.orangepresbyterian.org.au,Angus Gibb,https://preskey.org.au/index.php/new-south-wales-act/item/orange-st-james?category_id=48,Presbytery of Central Tablelands,-33.2820463,149.0971567,2
Parkes,Unknown,Unknown,Unknown,Cnr Gap & Hill Sts,Parkes,New South Wales,2870,Unknown,Unknown,http://pfphpresbyterian.org.au/about/about-parkes,Craig Bland,https://preskey.org.au/index.php/new-south-wales-act/item/parkes?category_id=48,unknown,-32.8225409,147.97613626792403,2
Wentworthville,Unknown,9.00 and 10.30,Unknown,PO Box 365,Wentworthville,New South Wales,2145,Unknown,Unknown,http://www.wentworthville.org.au,Greg Turner,https://preskey.org.au/index.php/new-south-wales-act/item/parramatta-city-wentworthville?category_id=48,Presbytery of Western Sydney,-33.8066667,150.9677778,2
Peak Hill,Unknown,9.00 1st Sunday of the Month,Unknown,71 Derribong St,Peak Hill,New South Wales,2869,Unknown,Unknown,http://pfphpresbyterian.org.au/about/about-peak-hill,Craig Bland,https://preskey.org.au/index.php/new-south-wales-act/item/peak-hill?category_id=48,Presbytery of Central West,-32.72503605,148.1901187470412,0
"Penrith, St Andrew's",Unknown,9.00 & 10.30,5.00,9 Doonmore St,Penrith,New South Wales,2750,Unknown,Unknown,http://www.penrithpresbyterian.com,Hugh Prattis,https://preskey.org.au/index.php/new-south-wales-act/item/penrith-st-andrew-s?category_id=48,Presbytery of Western Sydney,-33.7600697,150.7036274,0
Penshurst,Unknown,10.00,Unknown,118 Penshurst St,Penshurst,New South Wales,2222,Unknown,Unknown,Unknown,Jonathan Chong,https://preskey.org.au/index.php/new-south-wales-act/item/penshurst-st-andrew-s-war-memorial?category_id=48,Presbytery of Sydney South,-33.9558351,151.0800072,0
Pittwater,Unknown,9.30,Unknown,Cnr Robertson Rd & Ocean  Ave,Newport,New South Wales,2106,Unknown,Unknown,Unknown,Unknown,https://preskey.org.au/index.php/new-south-wales-act/item/pittwater?category_id=48,Presbytery of Sydney North,-33.6591061,151.3164331,2
Port Macquarie,Unknown,Traditional Service: 8.30am,Unknown,93 William St,Port Macquarie,New South Wales,2444,Unknown,Unknown,http://www.pmpc.org,Scott Donnellan,https://preskey.org.au/index.php/new-south-wales-act/item/port-macquarie?category_id=48,Presbytery of the Mid North Coast,-31.430805550000002,152.9117527847166,0
Portland (NSW),Unknown,"8.30am Second Sunday in February, May, August and November",Unknown,2 Vale St,Portland,New South Wales,2847,Unknown,Unknown,http://bowenfelspresbyterianparish.org.au/,Stephen Fong,https://preskey.org.au/index.php/new-south-wales-act/item/portland?category_id=48,Presbytery of Central Tablelands,-33.3483333,149.9844444,2
Queanbeyan,Unknown,9.30,Unknown,Cnr Morisset & Lowe Sts,Queanbeyan,New South Wales,2620,Unknown,Unknown,http://queanbeyanpc.org,Robert McMullan,https://preskey.org.au/index.php/new-south-wales-act/item/queanbeyan?category_id=48,Presbytery of Canberra,-35.3524518,149.2337634,2
Randwick,Unknown,10.30AM,Unknown,Cnr Alison Rd & Cook St,Randwick,New South Wales,2031,Unknown,Unknown,http://www.rpc.org.au,Mark Adams,https://preskey.org.au/index.php/new-south-wales-act/item/randwick?category_id=48,Presbytery of Sydney East,-33.945516749999996,151.24403017442353,2
"Randwick, Indonesian",Unknown,See Side Bar for details,Unknown,Cnr Alison & Cook Sts,Randwick,New South Wales,2031,Unknown,Unknown,http://www.ipc.org.au,Joni Tjiong,https://preskey.org.au/index.php/new-south-wales-act/item/randwick-indonesian?category_id=48,Presbytery of Sydney East,-33.945516749999996,151.24403017442353,2
Riverwood,Unknown,10.00,Unknown,Hannans Rd Public School,Riverwood,New South Wales,2210,Unknown,Unknown,http://www.riverwoodpressie.org.au,Daniel Presland,https://preskey.org.au/index.php/new-south-wales-act/item/riverwood?category_id=48,Presbytery of Sydney South,-33.9452699,151.05757496194258,0
Rockdale,Unknown,9.30 a.m. (Bexley),5.30 p.m. (Rockdale),Cnr Herbert & Watkins St,Rockdale,New South Wales,2216,Unknown,Unknown,Unknown,Ramise Biu Tabuatamata,https://preskey.org.au/index.php/new-south-wales-act/item/rockdale?category_id=48,Presbytery of Sydney South,-33.9542619,151.1403655,2
Rollands Plains,Unknown,Unknown,7.00 (2nd and 4th Sun),543 Upper Rollands Plains Rd. (this building is 5.43km from the community hall at the centre of Rollands Plains). In a paddock - go through farm gate - can see the building from the gate/road,Rollands Plains,New South Wales,Unknown,Unknown,Unknown,http://wauchpresbyterian.org,Unknown,https://preskey.org.au/index.php/new-south-wales-act/item/rollands-plains?category_id=48,Presbytery of the Mid North Coast,-31.2818,152.6846,2
Rookhurst,Unknown,11.30 AM (4th Sun each Month),Unknown,Thunderbolt's Way,Rookhurst,New South Wales,2422,Unknown,Unknown,Unknown,Unknown,https://preskey.org.au/index.php/new-south-wales-act/item/rookhurst?category_id=48,Presbytery of the Mid North Coast,-31.8975013,151.8791494,2
"Roseville, St Luke's",Unknown,9.30,5.00,28 Lord St,Roseville,New South Wales,2069,Unknown,Unknown,http://roseville.presbyterian.org.au,Cornelius Nel,https://preskey.org.au/index.php/new-south-wales-act/item/roseville-st-luke-s?category_id=48,Presbytery of Sydney North,-33.784545,151.1778441,2
Rutherford,Unknown,8.45,Unknown,183-185 New England Hwy,Rutherford,New South Wales,2320,Unknown,Unknown,https://www.facebook.com/maitlandpresbyterianchurch/,Russell Vandervelden,https://preskey.org.au/index.php/new-south-wales-act/item/rutherford-mackay-memorial?category_id=48,Presbytery of the Hunter,-32.7133424,151.5219235,0
"Ryde, St James",Unknown,10.00,Unknown,Bowden St (Cnr Squire St),Ryde,New South Wales,2112,Unknown,Unknown,http://achurchinryde.com,David Mark Woolcott,https://preskey.org.au/index.php/new-south-wales-act/item/ryde-st-james?category_id=48,Presbytery of Sydney North,-33.801575099999994,151.1046051513023,2
Scone,Unknown,Unknown,3.00,37 Guernsey St,Scone,New South Wales,2337,Unknown,Unknown,Unknown,Timothy Wonil Lee,https://preskey.org.au/index.php/new-south-wales-act/item/scone?category_id=48,Presbytery of the Hunter,-32.0524551,150.8647646,0
Sydney Liberty,Unknown,"9.30 (English), 11.00 (Korean)",1.00,5 South St,Rydalmere,New South Wales,2116,Unknown,Unknown,Unknown,Byeong Jae Ryu,https://preskey.org.au/index.php/new-south-wales-act/item/siloam-korean?category_id=48,Presbytery of Sydney North,-33.8170742,151.0484878,0
Singleton,Unknown,9.30,Unknown,7-9 Elizabeth St,Singleton,New South Wales,2330,Unknown,Unknown,Unknown,Unknown,https://preskey.org.au/index.php/new-south-wales-act/item/singleton?category_id=48,Presbytery of the Hunter,-32.5664044,151.1733972,2
Connect South Grafton,Unknown,9.00,7.00,69 Wharf St,South Grafton,New South Wales,2460,Unknown,Unknown,Unknown,Jason Barker,https://preskey.org.au/index.php/new-south-wales-act/item/connect-south-grafton-presbyterian-church?category_id=48,Presbytery of the Northern Rivers,-29.7130224,152.9374417,2
"South Wagga Wagga, St Aidan's",Unknown,9.00 & 10.30,5.00,62-64 Coleman St,South Wagga Wagga,New South Wales,2650,Unknown,Unknown,http://staidanswagga.org.au,Jon Blyth,https://preskey.org.au/index.php/new-south-wales-act/item/south-wagga-wagga-st-aidan-s?category_id=48,Presbytery of Southern Rivers,-35.11531415,147.36114027743247,2
"Southern Cross, Lismore",Unknown,9.30,6.00,8-10 Park Ave,East Lismore,New South Wales,2480,Unknown,Unknown,http://www.scpc.org.au,Peter Thompson,https://preskey.org.au/index.php/new-south-wales-act/item/southern-cross-lismore?category_id=48,Presbytery of the Northern Rivers,-28.8216638,153.2884783,2
Springwood,Unknown,10.30,6.00,160 Macquarie Rd,Springwood,New South Wales,2777,Unknown,Unknown,http://springwoodpresbyterianchurches.org.au,Kirk Patston,https://preskey.org.au/index.php/new-south-wales-act/item/springwood?category_id=48,Presbytery of Western Sydney,-33.6991909,150.5692931,0
St Marys,Unknown,9.30,6.30,16 Marsden St,St Marys,New South Wales,2760,Unknown,Unknown,http://stmaryspres.org/,(Damien) Chung Yup Choi,https://preskey.org.au/index.php/new-south-wales-act/item/st-marys?category_id=48,Presbytery of Western Sydney,-33.7792961,150.7845063,0
"Sutherland, St Andrew's",Unknown,9.30,Unknown,90 Glencoe Sts,Sutherland,New South Wales,2232,Unknown,Unknown,Unknown,Luke Yoo,https://preskey.org.au/index.php/new-south-wales-act/item/sutherland-st-andrew-s?category_id=48,Presbytery of Sydney South,-34.0717253,151.04929585694757,2
Swansea,Unknown,8.00,Unknown,20 Macquarie St,Swansea,New South Wales,2281,Unknown,Unknown,https://swanseapresbyterian.wordpress.com/,Stephen Taylor,https://preskey.org.au/index.php/new-south-wales-act/item/swansea?category_id=48,Presbytery of the Hunter,-33.0866519,151.6346059,2
Sydney,Unknown,10.30,Unknown,44 Margaret St,Sydney,New South Wales,2000,Unknown,Unknown,http://www.scotschurchsydney.org,Craig Tucker,https://preskey.org.au/index.php/new-south-wales-act/item/sydney?category_id=48,Presbytery of Sydney East,-33.8646108,151.20583506680555,0
Tamworth Community,Unknown,10.00,Unknown,"Tamworth South Public School, Woodward Avenue",South Tamworth,New South Wales,2340,Unknown,Unknown,http://www.tcpc.org.au,Jarrod McNaughton,https://preskey.org.au/index.php/new-south-wales-act/item/tamworth-community?category_id=48,Presbytery of North Inland NSW,-31.1094444,150.9147222,2
"Tamworth, St Stephen's",Unknown,9.00,Unknown,18B Mathews Street,Tamworth,New South Wales,2340,Unknown,Unknown,http://ststephenstamworth.com.au,Mark Armstrong,https://preskey.org.au/index.php/new-south-wales-act/item/tamworth-st-stephen-s?category_id=48,Presbytery of North Inland NSW,-31.0997868,150.9189396,0
"Taralga, St Stephen's",Unknown,11.30,Unknown,Bannaby St,Taralga,New South Wales,2580,Unknown,Unknown,Unknown,Mike Adams,https://preskey.org.au/index.php/new-south-wales-act/item/taralga-st-stephen-s?category_id=48,Presbytery of Canberra,-34.4205718,149.9148268,0
Taree,Unknown,9.00,6.00,78 Albert St,Taree,New South Wales,2430,Unknown,Unknown,http://tareepresbyterian.com.au,Vaughan Smith,https://preskey.org.au/index.php/new-south-wales-act/item/taree?category_id=48,Presbytery of the Mid North Coast,-31.912864,152.4608481,2
Temora,Unknown,9.00,Unknown,De Boos St,Temora,New South Wales,2666,Unknown,Unknown,https://temorapresbyterian.wordpress.com,Derek Yu,https://preskey.org.au/index.php/new-south-wales-act/item/temora?category_id=48,Presbytery of Southern Rivers,-34.4464439,147.5351768,0
"Tenterfield, St Stephen's",Unknown,10.00,Unknown,117 Logan St,Tenterfield,New South Wales,2372,Unknown,Unknown,http://tp4c.org.au,Jim Seymour,https://preskey.org.au/index.php/new-south-wales-act/item/tenterfield-st-stephen-s?category_id=48,Presbytery of North Inland NSW,-28.838430000000002,152.28131658123107,2
Terrigal,Unknown,9.00,Unknown,2 Willoughby Rd,Terrigal,New South Wales,2260,Unknown,Unknown,http://terrigalpc.org.au,Jesse Huckel,https://preskey.org.au/index.php/new-south-wales-act/item/terrigal-presbyterian-church?category_id=48,Presbytery of Central Coast,-33.4390062,151.438073,0
"The Entrance, St Andrew's",Unknown,"9am (English), 11am (Korean)",Unknown,136 The Entrance Rd,The Entrance,New South Wales,2261,Unknown,Unknown,https://www.theentrancepc.org,Hong Ki Ahn,https://preskey.org.au/index.php/new-south-wales-act/item/the-entrance-st-andrew-s?category_id=48,Presbytery of Central Coast,-33.3440586,151.4960171,2
Tooraweenah,Unknown,9.00 (4th Sunday of the month),Unknown,Unknown,Tooraweenah,New South Wales,2827,Unknown,Unknown,http://www.gilgandrapc.com,Peter Tamsett,https://preskey.org.au/index.php/new-south-wales-act/item/tooraweenah?category_id=48,Presbytery of Central West,-31.4403083,148.9093839,2
Tottenham,Unknown,Unknown,4.00,Umang St,Tottenham,New South Wales,2873,Unknown,Unknown,Unknown,Unknown,https://preskey.org.au/index.php/new-south-wales-act/item/tottenham?category_id=48,Presbytery of Central West,-32.2441908,147.3575627,0
"Toukley, St David's",Unknown,9.30,6.00 (2nd and 3rd Sun of Quarter),Cnr Victoria Ave & Hargraves St,Toukley,New South Wales,2263,Unknown,Unknown,Unknown,Paul O'Rourke,https://preskey.org.au/index.php/new-south-wales-act/item/toukley-st-david-s?category_id=48,Presbytery of Central Coast,-33.2633333,151.5313889,2
Trundle,Unknown,9.00,6.00 (4th Sunday),Gobondery St,Trundle,New South Wales,2875,Unknown,Unknown,Unknown,Unknown,https://preskey.org.au/index.php/new-south-wales-act/item/trundle?category_id=48,Presbytery of Central West,-32.9209871,147.7077896,0
Tullamore,Unknown,11.15,Unknown,Cnr Kitchener & Haylock Sts,Tullamore,New South Wales,2874,Unknown,Unknown,Unknown,Unknown,https://preskey.org.au/index.php/new-south-wales-act/item/tullamore?category_id=48,Presbytery of Central West,-32.6316667,147.5677778,2
Tuross Head,Unknown,8.00,Unknown,Cnr Hector McWilliam Dr & Drake St,Tuross Head,New South Wales,2537,Unknown,Unknown,Unknown,Unknown,https://preskey.org.au/index.php/new-south-wales-act/item/tuross-head?category_id=48,Presbytery of Canberra,-36.0594486,150.1381172,2
Tweed Heads,Unknown,9.00 am (traditional) and 10.45 am (contemporary family),Unknown,Cnr Wharf & Florence Sts,Tweed Heads,New South Wales,2485,Unknown,Unknown,http://www.tweedpc.org.au,Michael Boyd,https://preskey.org.au/index.php/new-south-wales-act/item/tweed-heads?category_id=48,Presbytery of the Northern Rivers,-28.181708,153.5469621,2
Unanderra,Unknown,9.30,Unknown,Cnr Maynes Prd & Hargraves St,Unanderra,New South Wales,2526,Unknown,Unknown,http://www.unanderrapresychurch.com.au,Unknown,https://preskey.org.au/index.php/new-south-wales-act/item/unanderra?category_id=48,Presbytery of the Illawarra,-34.4546772,150.8460733,2
"Wagga Wagga, St Andrew's",Unknown,8:45am. 10:30am.,Unknown,Cross St,Wagga Wagga,New South Wales,2650,Unknown,Unknown,http://www.saintandrews.net.au,Matthew Purnell,https://preskey.org.au/index.php/new-south-wales-act/item/wagga-wagga-st-andrew-s?category_id=48,Presbytery of Southern Rivers,-35.1082088,147.373397,0
Wahroonga,Unknown,9.30,Unknown,Cnr Stuart St & Illoura Ave,Wahroonga,New South Wales,2076,Unknown,Unknown,http://www.wpc.net.au,John Woldhuis,https://preskey.org.au/index.php/new-south-wales-act/item/wahroonga?category_id=48,Presbytery of Sydney North,-33.7183413,151.1174435,2
"Walcha, St Paul's",Unknown,9.30,Unknown,14E Hill St,Walcha,New South Wales,2354,Unknown,Unknown,http://www.walchapc.org.au,Graham Barnes,https://preskey.org.au/index.php/new-south-wales-act/item/walcha-st-paul-s?category_id=48,Presbytery of North Inland NSW,-30.9804255,151.5893973,0
Wallerawang,Unknown,8.30am first and third Sundays,Unknown,Main Street,Wallerawang,New South Wales,2790,Unknown,Unknown,http://bowenfelspresbyterianparish.org.au,Stephen Fong,https://preskey.org.au/index.php/new-south-wales-act/item/wallerawang?category_id=48,Presbytery of Central Tablelands,-33.4109887,150.0640682,0
Grace (Wallsend),Unknown,10.00,Unknown,144 Nelson St,Wallsend,New South Wales,2287,Unknown,Unknown,Unknown,Matt Crocker,https://preskey.org.au/index.php/new-south-wales-act/item/wallsend?category_id=48,Presbytery of the Hunter,-32.8982102,151.6642875,0
Wards River,Unknown,11.30 AM (1st Sun Each Month),Unknown,Bucketts Way,Wards River,New South Wales,2422,Unknown,Unknown,Unknown,Unknown,https://preskey.org.au/index.php/new-south-wales-act/item/wards-river?category_id=48,Presbytery of the Mid North Coast,-32.1854477,151.9411498,0
Warialda,Unknown,Unknown,Unknown,Stephen St,Warialda,New South Wales,2402,Unknown,Unknown,Unknown,Unknown,https://preskey.org.au/index.php/new-south-wales-act/item/warialda?category_id=48,unknown,-29.534656,150.5761735,0
"Warren, St Andrew's",Unknown,9.30,Unknown,Burton St,Warren,New South Wales,2824,Unknown,Unknown,Unknown,Unknown,https://preskey.org.au/index.php/new-south-wales-act/item/warren-st-andrew-s?category_id=48,Presbytery of Central West,-31.7026208,147.8322299,0
Wauchope,Unknown,9.30,Unknown,"Wauchope Country Club Auditorium, 24 King Street",Wauchope,New South Wales,2446,Unknown,Unknown,http://www.wauchopepresbyterian.org,Samuel Gittins,https://preskey.org.au/index.php/new-south-wales-act/item/wauchope?category_id=48,Presbytery of the Mid North Coast,-31.4557879,152.734664,2
Wee Waa,Unknown,10.30 (W) 9.15 (S),Unknown,Mitchel St,Wee Waa,New South Wales,2388,Unknown,Unknown,Unknown,Stephen Bignall,https://preskey.org.au/index.php/new-south-wales-act/item/wee-waa?category_id=48,Presbytery of North Inland NSW,-30.2242076,149.4401917,2
Wentworth Falls,Unknown,9.00 am,Unknown,62 Falls Rd,Wentworth Falls,New South Wales,2782,Unknown,Unknown,Unknown,Unknown,https://preskey.org.au/index.php/new-south-wales-act/item/wentworth-falls?category_id=48,Presbytery of Central Tablelands,-33.714155500000004,150.37260135954435,0
"West Wyalong, Pioneer Memorial",Unknown,10.30,Unknown,See Sidebar Notes,West Wyalong,New South Wales,2671,Unknown,Unknown,http://www.wwpreschurch.org,Andrew Cooper,https://preskey.org.au/index.php/new-south-wales-act/item/west-wyalong-pioneer-memorial?category_id=48,Moderator/Interim ModeratorDerek Yu,-33.923661,147.2050849,2
"Hope at the Hill, Rooty Hill",Unknown,10.00,Unknown,12 Rooty Hill Rd,Rooty Hill,New South Wales,2766,Unknown,Unknown,http://rootyhill.church,Kenneth Gray,https://preskey.org.au/index.php/new-south-wales-act/item/western-blacktown?category_id=48,Presbytery of Western Sydney,-33.7772835,150.848239,0
"Windsor, Hawkesbury District",Unknown,10.00,Unknown,46 Drummond St,Windsor,New South Wales,2756,Unknown,Unknown,http://hdpc.org.au,Scott Dufty,https://preskey.org.au/index.php/new-south-wales-act/item/windsor-hawkesbury-district?category_id=48,Presbytery of Western Sydney,-33.6215187,150.8020888,0
Wingham,Unknown,9.30,Unknown,32 Moon St,Wingham,New South Wales,2429,Unknown,Unknown,http://www.winghampresbyterian.com/,Paul Smith,https://preskey.org.au/index.php/new-south-wales-act/item/wingham?category_id=48,Presbytery of the Mid North Coast,-31.8684776,152.3655384,0
Winmalee,Unknown,9.00,Unknown,481 Hawkesbury Rd,Winmalee,New South Wales,2777,Unknown,Unknown,Unknown,Rod Thompson,https://preskey.org.au/index.php/new-south-wales-act/item/winmalee?category_id=48,Presbytery of Western Sydney,-33.6727306,150.6309853,0
Wollomombi / Kilcoy,Unknown,Unknown,3.00 (3rd Sunday of the month),Wollomombi Village Rd,Wollomombi,New South Wales,2350,Unknown,Unknown,Unknown,David Seaman,https://preskey.org.au/index.php/new-south-wales-act/item/wollomombi-kilcoy?category_id=48,Presbytery of North Inland NSW,-30.5115039,152.0431839,0
Wollondilly,Unknown,9.15,5.30,Abelia St,Tahmoor,New South Wales,2573,Unknown,Unknown,Unknown,Joshua (Whangi) Jung,https://preskey.org.au/index.php/new-south-wales-act/item/wollondilly?category_id=48,Presbytery of the Illawarra,-34.2218044,150.5948739,0
Crossroads (Wollongbar),Unknown,9.30,Unknown,"Wollongbar Public School, Simpsons Ave",Wollongbar,New South Wales,2477,Unknown,Unknown,http://crpc.org.au,Brad Fletcher,https://preskey.org.au/index.php/new-south-wales-act/item/crossroads-wollongbar?category_id=48,Presbytery of the Northern Rivers,-28.820601,153.4219372,2
Woolbrook,Unknown,8.00 (1st Sun of Month),Unknown,Church St,Woolbrook,New South Wales,2354,Unknown,Unknown,http://www.walchapc.org.au,Graham Barnes,https://preskey.org.au/index.php/new-south-wales-act/item/woolbrook?category_id=48,Presbytery of North Inland NSW,-30.9693474,151.3440968,0
Woonona,Unknown,8.00 & 9.30,6.00,7 Gray St,Woonona,New South Wales,2517,Unknown,Unknown,http://www.woononapcc.org.au/,Unknown,https://preskey.org.au/index.php/new-south-wales-act/item/woonona?category_id=48,Presbytery of the Illawarra,-34.347051,150.9075386,0
"Woy Woy, St David's",Unknown,9.00 & 10.30,Unknown,118-120 Blackwall Rd,Woy Woy,New South Wales,2256,Unknown,Unknown,http://woywoypresbyterian.org,Unknown,https://preskey.org.au/index.php/new-south-wales-act/item/woy-woy-st-david-s?category_id=48,Presbytery of Central Coast,-33.4850277,151.3243567,0
Yamba,Unknown,10.15,Unknown,2 Freeburn St,Yamba,New South Wales,2464,Unknown,Unknown,http://www.ypc.org.au,Unknown,https://preskey.org.au/index.php/new-south-wales-act/item/yamba?category_id=48,Presbytery of the Northern Rivers,-29.43733935,153.34698395504492,0
Yerong Creek,Unknown,no regular service,Unknown,2-4 Cole St,Yerong Creek,New South Wales,2642,Unknown,Unknown,Unknown,Craig Nicholas,https://preskey.org.au/index.php/new-south-wales-act/item/yerong-creek?category_id=48,Presbytery of Southern Rivers,-35.3879529,147.0650767,0
Young,Unknown,9.30,Unknown,Cnr Lynch & Lovell Sts,Young,New South Wales,2549,Unknown,Unknown,http://youngpc.org.au/,Steve White,https://preskey.org.au/index.php/new-south-wales-act/item/young?category_id=48,Presbytery of Southern Rivers,-34.3103512,148.2971801,2
"Canberra, Church of St Andrew",Unknown,9.30,5.00,1 State Circle,Forrest,Australian Capital Territory,2603,Unknown,Unknown,http://www.standrewscanberra.com,David Campbell,https://preskey.org.au/index.php/new-south-wales-act/item/canberra-church-of-st-andrew?category_id=48,Presbytery of Canberra,-35.31202645,149.12774930174334,0
"Gungahlin-Ngunnawal, New Life",Unknown,10am Ngunnawal Primary School Cnr Unaipon & Wanganeen Ave,Sunday 4pm New Life Presbyterian Church 107 Wanganeen Ave,107 Wanganeen Ave,Ngunnawal,Australian Capital Territory,2913,Unknown,Unknown,http://www.nlpc.church,Russell Smidt,https://preskey.org.au/index.php/new-south-wales-act/item/gungahlin-new-life?category_id=48,Other WorkersBrock JohnstonTim Baron,-35.1738682,149.1087134,0
Tuggeranong,Unknown,10.00,5.00,"Gowrie Primary School, Jeffries St",Gowrie,Australian Capital Territory,2904,Unknown,Unknown,http://www.tpc.org.au,David Brookes,https://preskey.org.au/index.php/new-south-wales-act/item/tuggeranong?category_id=48,Presbytery of Canberra,-35.41272315,149.1109844529009,0
Weston Creek,Unknown,9.30,Unknown,Mahony Crt,Weston,Australian Capital Territory,2611,Unknown,Unknown,Unknown,David Campbell,https://preskey.org.au/index.php/new-south-wales-act/item/weston-creek?category_id=48,Presbytery of Canberra,-35.340591,149.0528997,0
Unknown,Unknown,Unknown,Unknown,Unknown,Unknown,New South Wales,Unknown,Unknown,Unknown,Unknown,Unknown,https://preskey.org.au/index.php/new-south-wales-act/item/david-gae-mcdonald?category_id=48,unknown,-30.0522391,152.9739428,2
Kingsford (Kingsway),Unknown,9.00,4.00,94 Houston Rd,Kingsford,New South Wales,2019,Unknown,Unknown,http://www.kingswaychurch.org.au,Darwin Agahari,https://preskey.org.au/index.php/new-south-wales-act/item/kingsford-kingsway?category_id=48,Presbytery of Sydney Inner West,-33.9242286,151.2263182,0
Captivate (Chinese),Unknown,Unknown,Unknown,201 Coxs Road,North Ryde,New South Wales,2113,Unknown,Unknown,Unknown,Alan Au,https://preskey.org.au/index.php/new-south-wales-act/item/captivate?category_id=48,unknown,-33.7945664,151.12239092948994,0
"Anna Bay, Port Stephens,  Nelson Bay (Gateway)",Unknown,9.30,5.00,43 Gan Gan Road,Anna Bay,New South Wales,2316,Unknown,Unknown,http://gatewaypresbyterian.org.au/,Ross Pethybridge,https://preskey.org.au/index.php/new-south-wales-act/item/port-stephens-nelson-bay?category_id=48,Presbytery of the Hunter,-32.7779061,152.0890203,2
GracePoint (Burwood PM),Unknown,Unknown,5.00,205 Burwood Road,Burwood,New South Wales,2134,Unknown,Unknown,http://gracepoint.org.au,Eugene Hor,https://preskey.org.au/index.php/new-south-wales-act/item/gracepoint-burwood-pm?category_id=48,Presbytery of Western Sydney,-33.8701925,151.1051043,0
GracePoint (Burwood AM),Unknown,10.00,Unknown,"Fitzroy Centre, 22 Church St",Burwood,New South Wales,2134,Unknown,Unknown,http://gracepoint.org.au,Kngai Bunn (Owen) Seto,https://preskey.org.au/index.php/new-south-wales-act/item/gracepoint-two?category_id=48,Presbytery of Western Sydney,-33.8858088,151.10248047317933,2
GracePoint (Lidcombe),Unknown,9.45,Unknown,36-40 James Street,Lidcombe,New South Wales,2141,Unknown,Unknown,http://gracepoint.org.au,Elliot Ku,https://preskey.org.au/index.php/new-south-wales-act/item/gracepoint-lidcombe-am?category_id=48,Presbytery of Western Sydney,-33.8662344,151.0443314,0
GracePoint (Chinese),Unknown,"9.30 Mandarin, 11.00 Cantonese",5.00 Cantonese,36-40 James Street,Lidcombe,New South Wales,2141,Unknown,Unknown,http://gcpc.org.au,Edwin Kwok,https://preskey.org.au/index.php/new-south-wales-act/item/gracepoint-chinese?category_id=48,Presbytery of Western Sydney,-33.8662344,151.0443314,0
Chinese Christian Bilingual,Unknown,Unknown,Unknown,234 Blues Point Rd,North Sydney,New South Wales,2060,Unknown,Unknown,http://www.ccbc.co,Unknown,https://preskey.org.au/index.php/new-south-wales-act/item/chinese-christian-bilingual?category_id=48,unknown,-33.8411357,151.2063025,0
Moonbi,Unknown,9.00,Unknown,52 Gill St,Moonbi,New South Wales,2353,Unknown,Unknown,Unknown,Mark Armstrong,https://preskey.org.au/index.php/new-south-wales-act/item/moonbi?category_id=48,Presbytery of North Inland NSW,-31.0221956,151.0697116,0
Hornsby,Unknown,9.30,Unknown,48-58 Clarke Road,Hornsby,New South Wales,2077,Unknown,Unknown,http://www.hornsbypc.org.au,James McFarlane,https://preskey.org.au/index.php/new-south-wales-act/item/hornsby?category_id=48,Presbytery of Sydney North,-33.7120656,151.09562889505372,0
Kalos (Korean),Unknown,Unknown,Unknown,Cnr Victoria & Pittwater Streets,Gladesville,New South Wales,2111,Unknown,Unknown,Unknown,Unknown,https://preskey.org.au/index.php/new-south-wales-act/item/kalos-korean?category_id=48,unknown,-33.8275,151.1263889,2
South Coast (Burrill Lake),Unknown,10.00,Unknown,Burrill Lake Community Hall (67 Princes Hwy),Burrill Lake,New South Wales,2539,Unknown,Unknown,Unknown,Unknown,https://preskey.org.au/index.php/new-south-wales-act/item/south-coast-presbyterian-church?category_id=48,Presbytery of the Illawarra,-35.3862208,150.4498896,2
Cornerstone (Rhodes),Unknown,9.00,Unknown,"30 Shoreline Dr,",Rhodes,New South Wales,2138,Unknown,Unknown,http://www.cornerstonechurch.com.au,Steven Soldatos,https://preskey.org.au/index.php/new-south-wales-act/item/cornerstone-rhodes?category_id=48,Presbytery of Sydney Inner West,-33.828387899999996,151.08342054548137,0
Moorooka,Unknown,9:30,Unknown,"The Lions Hall, 131 Koala Rd",Moorooka,Queensland,4105,Unknown,Unknown,http://moorooka.church,Geoff Tacon,https://preskey.org.au/index.php/new-south-wales-act/item/moorooka?category_id=48,Presbytery of Brisbane,-27.5357999,153.0201543,2
South West Rocks,Unknown,11.00,Unknown,South West Rocks Public School,South West Rocks,New South Wales,2431,Unknown,Unknown,http://kswrpc.org,Bryan Kim,https://preskey.org.au/index.php/new-south-wales-act/item/south-west-rocks-2?category_id=48,Presbytery of the Mid North Coast,-30.891147150000002,153.03981028364763,0
"City Park, Newcastle",Unknown,10.00,Unknown,Cnr Laman & Auckland Sts,Newcastle,New South Wales,2300,Unknown,Unknown,http://www.newcastlepresbyterian.org.au,Tim Ravenhall,https://preskey.org.au/index.php/new-south-wales-act/item/newcastle-st-andrew?category_id=48,Presbytery of the Hunter,-32.9272881,151.7812534,2
Harvest Presbyterian Church (Berrigan),Unknown,9.00,Unknown,Cnr Budd & Cobram Sts,Berrigan,New South Wales,2712,Unknown,Unknown,Unknown,Maurie Cropper,https://preskey.org.au/index.php/new-south-wales-act/item/berrigan?category_id=48,Moderator/Interim ModeratorDavid Powell,-35.75148165,145.6601212644043,2
Harvest Presbyterian Church (Finley),Unknown,11.00,7.00,19 Denison St,Finley,New South Wales,2713,Unknown,Unknown,Unknown,Maurie Cropper,https://preskey.org.au/index.php/new-south-wales-act/item/finley?category_id=48,Moderator/Interim ModeratorDavid Powell,-35.6467084,145.5728646,0
Hurstville Presbyterian Church,Unknown,9.30,6.30,Cnr Park Rd & MacMahon St,Hurstville,New South Wales,2220,Unknown,Unknown,http://www.hurstvillepresbyterian.org/,Andrew Vines,https://preskey.org.au/index.php/new-south-wales-act/item/hurstville-st-giles?category_id=48,Presbytery of Sydney South,-33.960707,151.1003611,2
"Redemption Hill, (Green Square)",Unknown,10.00,Unknown,3/1 Durham St,Stanmore,New South Wales,2048,Unknown,Unknown,http://www.redemptionhill.com.au,Jeremy Tan,https://preskey.org.au/index.php/new-south-wales-act/item/redemption-hill-greensquare?category_id=48,Presbytery of Sydney East,-33.8936689,151.1656456,2
Revesby,Unknown,9.00,6.30,Cnr Tower St & Eastern Ave,Revesby,New South Wales,2212,Unknown,Unknown,http://www.revesbypc.org.au,Shane Gooch,https://preskey.org.au/index.php/new-south-wales-act/item/revesby?category_id=48,Presbytery of Sydney South,-33.9436876,151.0137191,2
"Mosman, Scots Kirk",Unknown,9.00,Unknown,9 Belmont Rd,Mosman,New South Wales,2088,Unknown,Unknown,http://scotskirkmosman.org.au/,Brett Graham,https://preskey.org.au/index.php/new-south-wales-act/item/mosman-scots-kirk?category_id=48,Presbytery of Sydney North,-33.8273386,151.232234,0
Nowra,Unknown,9.30,7.00,3 Kinghorne St,Nowra,New South Wales,2541,Unknown,Unknown,Unknown,Ian Halbisch,https://preskey.org.au/index.php/new-south-wales-act/item/nowra?category_id=48,Presbytery of the Illawarra,-34.8953733,150.6026331,0
St Ives - Pymble,Unknown,9.30,Unknown,258 Mona Vale Rd,St Ives,New South Wales,2075,Unknown,Unknown,http://www.stivespymblepc.org.au,Samuel Yoon Choi,https://preskey.org.au/index.php/new-south-wales-act/item/st-ives-st-andrew-s?category_id=48,Presbytery of Sydney North,-33.7334426,151.1550417,0
"St Andrew's Scots, Rose Bay",Unknown,10.00,Unknown,Cnr Dover Rd & Carlisle St,Rose Bay,New South Wales,2029,Unknown,Unknown,http://www.standrewsscots.org,Unknown,https://preskey.org.au/index.php/new-south-wales-act/item/rose-bay-st-andrew-s?category_id=48,Presbytery of Sydney East,-33.8741644,151.265471,2
Sydney Living Hope Community Church,Unknown,Unknown,Unknown,"Unit 1, 3 Coal St,",Silverwater,New South Wales,2128,Unknown,Unknown,Unknown,Steve Keith Oh,https://preskey.org.au/index.php/new-south-wales-act/item/sydney-living-hope-community-church?category_id=48,unknown,-33.1029115,151.5600857,2
Tregear,Unknown,9.30,Unknown,117 Ellsworth Dr,Tregear,New South Wales,2770,Unknown,Unknown,https://m.facebook.com/TregearPresbyterian/?ref=bookmarks,Unknown,https://preskey.org.au/index.php/new-south-wales-act/item/tregear?category_id=48,Presbytery of Western Sydney,-33.7431521,150.7983883,0
Woodford (NSW),Unknown,9.00,Unknown,88-89 Great Western Highway,Woodford,New South Wales,2778,Unknown,Unknown,http://www.woodfordchurch.org.au,Unknown,https://preskey.org.au/index.php/new-south-wales-act/item/woodford-nsw?category_id=48,Presbytery of Western Sydney,-33.7330113,150.4740686506356,0
