Name,Subtitle,AM Service Time,PM Service Time,Street,City,State,Postcode,Phone,Website,URL
Abbotsford,Unknown,9.30,6.00,443 Great North Rd,Abbotsford,New South Wales,2046,Unknown,http://www.abbotsfordpc.org,https://preskey.org.au/index.php/new-south-wales-act/item/abbotsford-five-dock?category_id=48
Albion Park,Unknown,9.45,6.00,250 Tongarra Rd,Albion Park,New South Wales,2527,Unknown,http://albionparkpc.org.au,https://preskey.org.au/index.php/new-south-wales-act/item/albion-park?category_id=48
Albury,Unknown,See sidebar for Service times,Unknown,402 Wagga Rd,Lavington,New South Wales,2541,Unknown,http://www.alburychurch.org.au,https://preskey.org.au/index.php/new-south-wales-act/item/albury?category_id=48
Annandale-Leichhardt,Unknown,10.00 (Sunday School each Sunday at 10),Unknown,Cnr Johnston & Collins Sts,Annandale,New South Wales,2038,Unknown,http://hunterbaillie.com,https://preskey.org.au/index.php/new-south-wales-act/item/annandale-leichhardt?category_id=48
"Arabic, Evangelical",Unknown,Unknown,Unknown,236 Targo Rd,Toongabbie,New South Wales,2146,Unknown,Unknown,https://preskey.org.au/index.php/new-south-wales-act/item/arabic-evangelical?category_id=48
"Armidale, St Paul's",Unknown,9.30,Unknown,137 Faulkner St,Armidale,New South Wales,2350,Unknown,Unknown,https://preskey.org.au/index.php/new-south-wales-act/item/armidale-st-paul-s?category_id=48
Ashfield-Petersham,Unknown,"Ashfield: 9:00 am, 10:15am, 6:00 pm & Mandarin 10:00 am; Petersham, 10:00 am.",Unknown,Cnr Liverpool Rd & Knox St,Ashfield,New South Wales,2131,Unknown,http://www.ashfieldpresbyterian.org.au,https://preskey.org.au/index.php/new-south-wales-act/item/ashfield-petersham?category_id=48
Ashford,Unknown,9.00,Unknown,Jubilee St,Ashford,New South Wales,2361,Unknown,Unknown,https://preskey.org.au/index.php/new-south-wales-act/item/ashford?category_id=48
"Auburn, (NSW)",Unknown,10.00,Unknown,29 Queen St,Auburn,New South Wales,2144,Unknown,http://auburnpresbyterianchurch.com.au,https://preskey.org.au/index.php/new-south-wales-act/item/auburn-nsw?category_id=48
Balldale,Unknown,Unknown,6.00 (2nd Sun),Kavanagh St,Balldale,New South Wales,2646,Unknown,Unknown,https://preskey.org.au/index.php/new-south-wales-act/item/balldale?category_id=48
Ballina,Unknown,9:03am,Unknown,Corner of Cherry & CraneSts,Ballina,New South Wales,2478,Unknown,http://www.ballinachurch.org.au,https://preskey.org.au/index.php/new-south-wales-act/item/ballina?category_id=48
Balmain,Unknown,10.00,Unknown,7 Campbell St,Balmain,New South Wales,2041,Unknown,http://campbellstreet.org.au,https://preskey.org.au/index.php/new-south-wales-act/item/balmain?category_id=48
Balranald,Unknown,10.00,Unknown,Sturt Hwy,Balranald,New South Wales,2715,Unknown,Unknown,https://preskey.org.au/index.php/new-south-wales-act/item/balranald?category_id=48
Bangalow,Unknown,9.30,Unknown,Market St,Bangalow,New South Wales,2479,Unknown,http://www.bangalowchurch.com.au,https://preskey.org.au/index.php/new-south-wales-act/item/bangalow?category_id=48
Batemans Bay,Unknown,10.00,Unknown,16 Melaleuca Cres,Batemans Bay,New South Wales,2536,Unknown,Unknown,https://preskey.org.au/index.php/new-south-wales-act/item/batemans-bay?category_id=48
Bathurst,Unknown,8:30 AM; 10.30 AM,3:00 PM; 6:00 PM,Cnr Howick & George Sts,Bathurst,New South Wales,2795,Unknown,http://bathurstpresbyterian.org.au,https://preskey.org.au/index.php/new-south-wales-act/item/bathurst?category_id=48
Bay and Basin,Unknown,9.30,Unknown,Community Centre,Shoalhaven Point,New South Wales,2540,Unknown,Unknown,https://preskey.org.au/index.php/new-south-wales-act/item/bay-and-basin?category_id=48
Beacon Hill,Unknown,9.00,6.00,244 Warringah Rd,Beacon Hill,New South Wales,2100,Unknown,Unknown,https://preskey.org.au/index.php/new-south-wales-act/item/warringah-christian-church?category_id=48
Beecroft,Unknown,8.45 & 10.30,Unknown,3 Mary St,Beecroft,New South Wales,2119,Unknown,http://www.beecroftpresbyterian.org.au,https://preskey.org.au/index.php/new-south-wales-act/item/beecroft?category_id=48
Ben Lomond,Unknown,Unknown,2.00 (1st Sun Even Months),Wandsworth Rd,Ben Lomond,New South Wales,2365,Unknown,Unknown,https://preskey.org.au/index.php/new-south-wales-act/item/ben-lomond?category_id=48
"Beresfield, (St David's)",Unknown,7.45,Unknown,Beresford St,Beresfield,New South Wales,2322,Unknown,Unknown,https://preskey.org.au/index.php/new-south-wales-act/item/beresfield-st-david-s?category_id=48
Berry,Unknown,10.00,Family Service: Last Sunday of each month 5 pm,Cnr Alexandra St & Victoria St,Berry,New South Wales,2535,Unknown,http://www.berrypresbyterianchurch.net.au,https://preskey.org.au/index.php/new-south-wales-act/item/berry?category_id=48
Bexley,Unknown,9.30 (Bexley),5.30 (Rockdale),269 Forest Rd,Bexley,New South Wales,2207,Unknown,Unknown,https://preskey.org.au/index.php/new-south-wales-act/item/bexley?category_id=48
Bingara,Unknown,10.00,Unknown,45 Cunningham St,Bingara,New South Wales,2404,Unknown,Unknown,https://preskey.org.au/index.php/new-south-wales-act/item/bingara?category_id=48
Black Mountain,Unknown,Unknown,3pm 2nd Sunday even months,Black Mountain Baptist church,Black Mountain,New South Wales,2365,Unknown,Unknown,https://preskey.org.au/index.php/new-south-wales-act/item/black-mountain?category_id=48
Blackheath,Unknown,"11.15 1st., 3rd & 5th Sundays",Unknown,123-125 Wentworth St,Blackheath,New South Wales,2785,Unknown,Unknown,https://preskey.org.au/index.php/new-south-wales-act/item/blackheath?category_id=48
Blacktown East,Unknown,9.30,6.00,Cnr Heffron Rd & Gallop Grove,Lalor Park,New South Wales,2147,Unknown,http://www.blacktowneastpc.org.au,https://preskey.org.au/index.php/new-south-wales-act/item/blacktown-east?category_id=48
Blaxland,Unknown,8.45 & 10.15,Unknown,15A Wilson Way,Blaxland,New South Wales,2774,Unknown,http://blaxlandpresbyterian.org.au,https://preskey.org.au/index.php/new-south-wales-act/item/blaxland?category_id=48
Blayney,Unknown,Unknown,Unknown,Adelaide St,Blayney,New South Wales,2799,Unknown,http://orangepresbyterian.org.au,https://preskey.org.au/index.php/new-south-wales-act/item/blayney?category_id=48
Bomaderry,Unknown,8.00 (4th Sun),Unknown,Meroo St,Bomaderry,New South Wales,2541,Unknown,Unknown,https://preskey.org.au/index.php/new-south-wales-act/item/bomaderry?category_id=48
Bondi,Unknown,10.00,7.00,Cnr Castlefield & Miller Sts,Bondi,New South Wales,2026,Unknown,Unknown,https://preskey.org.au/index.php/new-south-wales-act/item/bondi?category_id=48
Bonnyrigg Christian PC,Unknown,Unknown,Unknown,14 - 16 Bibby's Place,Bonnyrigg,New South Wales,2177,Unknown,Unknown,https://preskey.org.au/index.php/new-south-wales-act/item/bonnyrigg-christian-pc?category_id=48
Botany-Mascot,Unknown,10.30,Unknown,768 Botany Rd,Mascot,New South Wales,2020,Unknown,Unknown,https://preskey.org.au/index.php/new-south-wales-act/item/botany-mascot?category_id=48
Bowenfels,Unknown,10.00,Unknown,15 Mudgee St,Bowenfels,New South Wales,2790,Unknown,http://bowenfelspresbyterianparish.org.au,https://preskey.org.au/index.php/new-south-wales-act/item/bowenfels?category_id=48
"Bowral, St Andrew's",Unknown,9.30,Unknown,10-12 Bendooley St,Bowral,New South Wales,2576,Unknown,https://www.facebook.com/BowralPresbyterianChurch/,https://preskey.org.au/index.php/new-south-wales-act/item/bowral-st-andrew-s?category_id=48
"Burwood, St James'",Unknown,9.30,Unknown,46 - 48 Belmore St,Burwood,New South Wales,2134,Unknown,http://www.burwoodbpc.org.au,https://preskey.org.au/index.php/new-south-wales-act/item/burwood-st-james?category_id=48
Byron Bay,Unknown,9.30,Unknown,13 Ruskin St,Byron Bay,New South Wales,2481,Unknown,Unknown,https://preskey.org.au/index.php/new-south-wales-act/item/byron-bay?category_id=48
Camden,Unknown,9.30,Unknown,42 John St,Camden,New South Wales,2570,Unknown,http://www.camdenpreschurch.org/,https://preskey.org.au/index.php/new-south-wales-act/item/camden?category_id=48
Campbelltown,Unknown,9:00 am,Unknown,40 Lithgow St,Campbelltown,New South Wales,2560,Unknown,http://www.ctownpres.com/,https://preskey.org.au/index.php/new-south-wales-act/item/campbelltown?category_id=48
Caringbah,Unknown,9.30,Unknown,393 Port Hacking Road South,Caringbah,New South Wales,2229,Unknown,http://www.caringbahchurch.org.au,https://preskey.org.au/index.php/new-south-wales-act/item/caringbah?category_id=48
Carlingford,Unknown,10.00,6.00,"Roselea Public School,North Rocks Rd",Carlingford,New South Wales,2118,Unknown,http://www.carlingford.org.au,https://preskey.org.au/index.php/new-south-wales-act/item/carlingford-presbyterian-church?category_id=48
Casino,Unknown,9.30,Unknown,Canterbury St,Casino,New South Wales,2470,Unknown,http://www.casinopc.org.au,https://preskey.org.au/index.php/new-south-wales-act/item/casino?category_id=48
"Castle Hill, St Columba's",Unknown,9.30,Unknown,247 Old Northern Rd,Castle Hill,New South Wales,2154,Unknown,http://www.facebook.com/St-Columbas-Presbyterian-Church-499513450226209/,https://preskey.org.au/index.php/new-south-wales-act/item/castle-hill-st-columba-s?category_id=48
Chapel Hill Rozelle,Unknown,Unknown,Unknown,665A Darling St,Rozelle,New South Wales,2039,Unknown,http://www.chapelhill.org.au,https://preskey.org.au/index.php/new-south-wales-act/item/chapel-hill-presbyterian-church?category_id=48
Charlestown,Unknown,9.45,6.00,Smart St,Charlestown,New South Wales,2290,Unknown,http://www.charlestownpresbyterian.org.au,https://preskey.org.au/index.php/new-south-wales-act/item/charlestown?category_id=48
"Chatswood, St Andrews",Unknown,9.00; 10.45,6.30,37 Anderson St,Chatswood,New South Wales,2067,Unknown,http://www.chatswoodpc.org.au,https://preskey.org.au/index.php/new-south-wales-act/item/chatswood-st-andrews?category_id=48
Cherrybrook,Unknown,9.30,Unknown,"John Purchase Public School, Purchase Rd",Cherrybrook,New South Wales,2126,Unknown,http://www.cherrybrookpc.org.au,https://preskey.org.au/index.php/new-south-wales-act/item/cherrybrook?category_id=48
Chester Hill,Unknown,9:00 English & 11:00 Korean,Unknown,64 Priam St,Chester Hill,New South Wales,2162,Unknown,http://enchristochurch.com.au/,https://preskey.org.au/index.php/new-south-wales-act/item/chester-hill?category_id=48
Chinese (Surry Hills),Unknown,9am English; 9am Mandarin;10.30 Cantonese; 12noon Bilingual English/Cantonese,4pm English,Cnr Crown & Albion Sts,Surry Hills,New South Wales,2010,Unknown,http://www.cpc.org.au,https://preskey.org.au/index.php/new-south-wales-act/item/chinese?category_id=48
Chinese (Maroubra),Unknown,Unknown,4.00,8 Robey St,Maroubra,New South Wales,2035,Unknown,Unknown,https://preskey.org.au/index.php/new-south-wales-act/item/chinese-maroubra?category_id=48
"City Central Church, Wollongong",Unknown,9.45,6.00,Cnr Kembla & Burelli Sts,Wollongong,New South Wales,2500,Unknown,http://www.wollongongpresychurch.com.au,https://preskey.org.au/index.php/new-south-wales-act/item/city-central-church-wollongong?category_id=48
"Clarence Town, St David's",Unknown,11.00,Unknown,Marshall St,Clarence Town,New South Wales,2321,Unknown,http://www.standrewsdungog.org.au,https://preskey.org.au/index.php/new-south-wales-act/item/clarence-town-st-david-s?category_id=48
Coffs Harbour (Harbourside),Unknown,8.00 & 9.45,5.00,187 Harbour Drv,Coffs Harbour,New South Wales,2450,Unknown,http://www.harboursidepc.com.au,https://preskey.org.au/index.php/new-south-wales-act/item/coffs-harbour?category_id=48
Comboyne,Unknown,11.15 (4th Sunday),Unknown,12 Thone St,Comboyne,New South Wales,Unknown,Unknown,Unknown,https://preskey.org.au/index.php/new-south-wales-act/item/comboyne?category_id=48
Como,Unknown,9.30,Unknown,48 Bindea St,Como,New South Wales,2226,Unknown,Unknown,https://preskey.org.au/index.php/new-south-wales-act/item/como?category_id=48
Concord (North Strathfield),Unknown,9.00 & 10.30,Unknown,182 Concord Rd,North Stratfield,New South Wales,2137,Unknown,Unknown,https://preskey.org.au/index.php/new-south-wales-act/item/concord-north-strathfield?category_id=48
Condobolin,Unknown,Unknown,Unknown,McDonnell St,Condobolin,New South Wales,2877,Unknown,Unknown,https://preskey.org.au/index.php/new-south-wales-act/item/condobolin?category_id=48
Cook Island,Unknown,10.00,Unknown,121 Rooty Hill Rd South,Rooty Hill,New South Wales,2195,Unknown,Unknown,https://preskey.org.au/index.php/new-south-wales-act/item/cook-island?category_id=48
Coolah,Unknown,Unknown,Unknown,Booyamurra St,Coolah,New South Wales,2843,Unknown,Unknown,https://preskey.org.au/index.php/new-south-wales-act/item/coolah?category_id=48
Coonabarabran,Unknown,10.00,Unknown,12 John St,Coonabarabran,New South Wales,2357,Unknown,Unknown,https://preskey.org.au/index.php/new-south-wales-act/item/coonabarabran?category_id=48
Cootamundra,Unknown,10.00,Unknown,Cnr Parker & Francis Sts,Cootamundra,New South Wales,2590,Unknown,Unknown,https://preskey.org.au/index.php/new-south-wales-act/item/cootamundra?category_id=48
Coreen,Unknown,Unknown,Unknown,Main Rd,Coreen,New South Wales,2646,Unknown,Unknown,https://preskey.org.au/index.php/new-south-wales-act/item/coreen?category_id=48
Cornerstone (Concord),Unknown,9.30,Unknown,Concord Public School Cnr Burwood Rd & Stanley St,Concord,New South Wales,2137,Unknown,http://www.cornerstonechurch.com.au,https://preskey.org.au/index.php/new-south-wales-act/item/cornerstone-concord?category_id=48
Cornerstone (Eastwood),Unknown,9.30,Unknown,"Eastwood Heights Public School, Lincoln St",Eastwood,New South Wales,2122,Unknown,http://www.cornerstonechurch.com.au,https://preskey.org.au/index.php/new-south-wales-act/item/cornerstone-eastwood?category_id=48
Cornerstone (Homebush Bay),Unknown,9/30,Unknown,64 Victoria Ave,Concord West,New South Wales,2138,Unknown,http://www.cornerstonechurch.com.au,https://preskey.org.au/index.php/new-south-wales-act/item/cornerstone-homebush-bay?category_id=48
Cornerstone (Strathfield),Unknown,9.30,Unknown,Cnr Barker Rd & Marion Rd,Strathfield,New South Wales,2135,Unknown,http://www.cornerstonechurch.com.au,https://preskey.org.au/index.php/new-south-wales-act/item/cornerstone-strathfield?category_id=48
Corowa,Unknown,9.30,Unknown,Mary St,Corowa,New South Wales,2646,Unknown,Unknown,https://preskey.org.au/index.php/new-south-wales-act/item/corowa?category_id=48
"Cowra, St Peter's",Unknown,9.30,Unknown,50 Macquarie St,Cowra,New South Wales,2974,Unknown,http://cowrachurch.org/,https://preskey.org.au/index.php/new-south-wales-act/item/cowra-st-peter-s?category_id=48
Cronulla,Unknown,9.30,5.30,11 Croydon St,Cronulla,New South Wales,2230,Unknown,http://www.cronullapresbyterian.com,https://preskey.org.au/index.php/new-south-wales-act/item/cronulla-community?category_id=48
"Crookwell, St Andrew's",Unknown,Unknown,Thursday. 7.30pm,Colyer St,Crookwell,New South Wales,2583,Unknown,Unknown,https://preskey.org.au/index.php/new-south-wales-act/item/crookwell-st-andrew-s?category_id=48
Delungra,Unknown,8.45,Unknown,Inverell St,Delungra,New South Wales,2403,Unknown,Unknown,https://preskey.org.au/index.php/new-south-wales-act/item/delungra?category_id=48
Drummoyne,Unknown,9.00 (trad) 10.30 (contemporay),5pm (contemporary),Corner Lyons Road and College Street,Drummoyne,New South Wales,2047,Unknown,http://www.drummoyne.org.au,https://preskey.org.au/index.php/new-south-wales-act/item/drummoyne?category_id=48
Dubbo,Unknown,"8.30, 10.30",6.00,61 Douglas Mawson Rd,Dubbo,New South Wales,2830,Unknown,http://dubbo.church,https://preskey.org.au/index.php/new-south-wales-act/item/dubbo?category_id=48
Dunedoo,Unknown,Unknown,Unknown,58 Tucklan St,Dunedoo,New South Wales,2844,Unknown,Unknown,https://preskey.org.au/index.php/new-south-wales-act/item/dunedoo?category_id=48
"Dungog, St Andrew's",Unknown,9.00,Unknown,Dowling St,Dungog,New South Wales,2420,Unknown,http://www.dungogpc.org.au,https://preskey.org.au/index.php/new-south-wales-act/item/dungog-st-andrew-s?category_id=48
East Maitland (St Stephens),Unknown,9.30,Unknown,64 George St,East Maitland,New South Wales,2323,Unknown,Unknown,https://preskey.org.au/index.php/new-south-wales-act/item/east-maitland-st-stephens?category_id=48
Engadine,Unknown,10.30,Unknown,80 Anzac Ave,Engadine,New South Wales,2233,Unknown,Unknown,https://preskey.org.au/index.php/new-south-wales-act/item/engadine?category_id=48
Epping,Unknown,9.00 & 10.30,4.30 & 6.30,9 Bridge St,Epping,New South Wales,2121,Unknown,http://www.eppingpresbyterian.org.au,https://preskey.org.au/index.php/new-south-wales-act/item/epping?category_id=48
Evans Head,Unknown,9.30,Unknown,63 Woodburn Street,Evans Head,New South Wales,2473,Unknown,https://www.evansheadpc.org,https://preskey.org.au/index.php/new-south-wales-act/item/evans-head?category_id=48
Forbes,Unknown,Unknown,Unknown,Harold St,Forbes,New South Wales,2871,Unknown,http://pfphpresbyterian.org.au,https://preskey.org.au/index.php/new-south-wales-act/item/forbes?category_id=48
Forster - Tuncurry,Unknown,9.30,6.00,16 Bruce St,Forster,New South Wales,2428,Unknown,http://forstertuncurrypc.org.au,https://preskey.org.au/index.php/new-south-wales-act/item/forster-tuncurry?category_id=48
Garah,Unknown,Unknown,Unknown,Railway Prd,Garah,New South Wales,2405,Unknown,Unknown,https://preskey.org.au/index.php/new-south-wales-act/item/garah?category_id=48
Ghanaian,Unknown,Unknown,Unknown,7 McKern St,Wentworthville,New South Wales,2145,Unknown,Unknown,https://preskey.org.au/index.php/new-south-wales-act/item/ghanaian?category_id=48
Gilgandra,Unknown,11.00 (9.00 4th Sun),"5.00 (4.00 May, June,July, Aug)",40 Myrtle St,Gilgandra,New South Wales,2827,Unknown,http://www.gilgandrapc.com,https://preskey.org.au/index.php/new-south-wales-act/item/gilgandra?category_id=48
"Gladesville, Church of St Andrew",Unknown,9.00,Unknown,2 Pittwater Road,Gladesville,New South Wales,2111,Unknown,http://www.gladeshill.org.au,https://preskey.org.au/index.php/new-south-wales-act/item/gladesville-church-of-st-andrew?category_id=48
"Glen Innes, St Andrew's",Unknown,"10.30am m/tea, 11am serVice",Unknown,Heron St,Glen Innes,New South Wales,2370,Unknown,Unknown,https://preskey.org.au/index.php/new-south-wales-act/item/glen-innes-st-andrew-s?category_id=48
Gloucester,Unknown,9.30,Unknown,Barrington St,Gloucester,New South Wales,2422,Unknown,Unknown,https://preskey.org.au/index.php/new-south-wales-act/item/gloucester?category_id=48
Gosford,Unknown,8.00 and 9.45,6.30,14-16 Young St,West Gosford,New South Wales,2250,Unknown,http://www.gosfordpc.com.au,https://preskey.org.au/index.php/new-south-wales-act/item/gosford?category_id=48
"Goulburn, St Andrew's",Unknown,9.30,Unknown,25 Clifford St,Goulburn,New South Wales,2580,Unknown,Unknown,https://preskey.org.au/index.php/new-south-wales-act/item/goulburn-st-andrew-s?category_id=48
Warabrook Grace - (Newcastle),Unknown,10.00,6.00,144 Nelson St,Wallsend,New South Wales,2287,Unknown,http://gracepc.org.au,https://preskey.org.au/index.php/new-south-wales-act/item/grace-presbyterian-church-newcastle-warabrook?category_id=48
"Grafton, St Andrew's",Unknown,9.30,Unknown,116 Oliver St,Grafton,New South Wales,2460,Unknown,Unknown,https://preskey.org.au/index.php/new-south-wales-act/item/grafton-st-andrew-s?category_id=48
Granville,Unknown,9.00,Unknown,14 Hutchinson St,Granville,New South Wales,2142,Unknown,Unknown,https://preskey.org.au/index.php/new-south-wales-act/item/granville?category_id=48
Grenfell,Unknown,10.00,Unknown,Corner Weddin St & Middle St,Grenfell,New South Wales,2810,Unknown,http://grenfellpresbyterian.blogspot.com,https://preskey.org.au/index.php/new-south-wales-act/item/grenfell?category_id=48
Griffith,Unknown,9.30,Unknown,Blumer Ave,Griffith,New South Wales,2680,Unknown,Unknown,https://preskey.org.au/index.php/new-south-wales-act/item/griffith?category_id=48
Gulargambone,Unknown,9.00,Unknown,Armitree St,Gulargambone,New South Wales,2828,Unknown,http://www.gilgandrapc.com,https://preskey.org.au/index.php/new-south-wales-act/item/gulargambone?category_id=48
Gulgong,Unknown,10.00,Unknown,46 Bayley St,Gulgong,New South Wales,2852,Unknown,http://gulgongpresbyterian.org,https://preskey.org.au/index.php/new-south-wales-act/item/gulgong?category_id=48
Gunnedah,Unknown,9.30,6.30,Cnr Marquis St & Barber St,Gunnedah,New South Wales,2380,Unknown,Unknown,https://preskey.org.au/index.php/new-south-wales-act/item/gunnedah?category_id=48
Guyra,Unknown,10.00,Unknown,Tenterden St,Guyra,New South Wales,2365,Unknown,Unknown,https://preskey.org.au/index.php/new-south-wales-act/item/guyra?category_id=48
"Hamilton (NSW), Scots Kirk",Unknown,9.30,Unknown,Cnr Tudor & Murray Sts,Hamilton,New South Wales,2303,Unknown,http://www.hamiltonpresbyterian.com,https://preskey.org.au/index.php/new-south-wales-act/item/hamilton-nsw-scots-kirk?category_id=48
Henty,Unknown,10.30,Unknown,2A Hayes St,Henty,New South Wales,2658,Unknown,http://www.hentylockhartpresy.org.au,https://preskey.org.au/index.php/new-south-wales-act/item/henty?category_id=48
"Hill End, St Paul's",Unknown,Unknown,2.00 4th Sunday of month,Tambaroora St,Hill End,New South Wales,2850,Unknown,Unknown,https://preskey.org.au/index.php/new-south-wales-act/item/hill-end-st-paul-s?category_id=48
"Hurstville, Indonesian",Unknown,Indonesian Service: 9.00 AM.,Unknown,40 Collingwood Ave,Earlwood,New South Wales,2206,Unknown,Unknown,https://preskey.org.au/index.php/new-south-wales-act/item/hurstville-indonesian?category_id=48
Ingleburn,Unknown,10.00,Unknown,6/48 Lancaster St,Ingleburn,New South Wales,2565,Unknown,Unknown,https://preskey.org.au/index.php/new-south-wales-act/item/ingleburn?category_id=48
"Inverell, St Andrew's",Unknown,9.30,6.30,94 Vivian St,Inverell,New South Wales,2360,Unknown,http://inverell.presbyterian.org.au,https://preskey.org.au/index.php/new-south-wales-act/item/inverell-st-andrew-s?category_id=48
Junee,Unknown,10.00,Unknown,Cnr Lisgar & Denison Sts,Junee,New South Wales,2663,Unknown,Unknown,https://preskey.org.au/index.php/new-south-wales-act/item/junee?category_id=48
Kempsey,Unknown,9.00,Unknown,54 Rudder St,Kempsey,New South Wales,2440,Unknown,https://kswrpc.org/,https://preskey.org.au/index.php/new-south-wales-act/item/kempsey?category_id=48
Kiama,Unknown,9.00,Unknown,Cnr Shoalhaven & Terralong St,Kiama,New South Wales,2533,Unknown,http://www.kiamapc.com.au,https://preskey.org.au/index.php/new-south-wales-act/item/kiama?category_id=48
Kingsford (IPC),Unknown,11.15,Unknown,94 Houston Rd,Kingsford,New South Wales,2032,Unknown,http://www.ipc.org.au,https://preskey.org.au/index.php/new-south-wales-act/item/kingsford-ipc?category_id=48
Cornerstone Kogarah Presbyterian Church,Unknown,9.30,Unknown,12-16 Derby St,Kogarah,New South Wales,2217,Unknown,https://www.cornerstonechurch.com.au/,https://preskey.org.au/index.php/new-south-wales-act/item/cornerstone-kogarah-presbyterian-church?category_id=48
Korean Antioch,Unknown,9.30; 11.00,1.30 Wednesday 7.30 Sunday,"Strathfield Girls' High School, 116 - 146 Albert Rd",Strathfield,New South Wales,2135,Unknown,http://www.sydneyantioch.com,https://preskey.org.au/index.php/new-south-wales-act/item/korean-antioch?category_id=48
Korean Canaan (Petersham),Unknown,11.00,2.00,2 Gordon St,Petersham,New South Wales,2049,Unknown,Unknown,https://preskey.org.au/index.php/new-south-wales-act/item/korean-canaan-petersham?category_id=48
Korean (Ashfield),Unknown,8.30,12.00,Cnr Knox St & Liverpool Rd,Ashfield,New South Wales,2131,Unknown,Unknown,https://preskey.org.au/index.php/new-south-wales-act/item/korean-hallelujah?category_id=48
Carlingford-Rainbow (Korean),Unknown,12.00,2.30,203 Marsden Rd,Carlingford,New South Wales,2118,Unknown,Unknown,https://preskey.org.au/index.php/new-south-wales-act/item/korean-rainbow?category_id=48
Sydney Urim (Korean),Unknown,11.30,1.30,37 Anderson St,Chatswood,New South Wales,2067,Unknown,Unknown,https://preskey.org.au/index.php/new-south-wales-act/item/korean-urim?category_id=48
Sydney Young Nak (Korean),Unknown,9.30 & 11.00,1.15 (english); 3.00,7-9 Manson St,Telopea,New South Wales,2117,Unknown,Unknown,https://preskey.org.au/index.php/new-south-wales-act/item/korean-young-nak?category_id=48
Krambach,Unknown,11.15 Last Sun of month,Unknown,Unknown,Krambach,New South Wales,2429,Unknown,Unknown,https://preskey.org.au/index.php/new-south-wales-act/item/krambach?category_id=48
"Kyogle, Gateway Presbyterian Church",Unknown,9.30,Unknown,Stratheden St,Kyogle,New South Wales,2474,Unknown,Unknown,https://preskey.org.au/index.php/new-south-wales-act/item/kyogle?category_id=48
"Lakemba, Samoan",Unknown,11.30,Unknown,1003 Canterbury Rd,Lakemba,New South Wales,2195,Unknown,Unknown,https://preskey.org.au/index.php/new-south-wales-act/item/lakemba-samoan?category_id=48
Lawrence,Unknown,Unknown,Unknown,Richmond St,Lawrence,New South Wales,2460,Unknown,http://lowerclarencepresbyterian.com/,https://preskey.org.au/index.php/new-south-wales-act/item/lawrence?category_id=48
Leeton,Unknown,10.00,Unknown,Cnr Sycamore & Cypress Sts,Leeton,New South Wales,2705,Unknown,Unknown,https://preskey.org.au/index.php/new-south-wales-act/item/leeton?category_id=48
"Lismore, St Paul's",Unknown,9.00,7.00,188 Keen St,Lismore,New South Wales,2480,Unknown,http://www.lpc.org.au,https://preskey.org.au/index.php/new-south-wales-act/item/lismore-st-paul-s?category_id=48
Liverpool (St Paul),Unknown,9.00,Unknown,117-119 Moore St,Liverpool,New South Wales,2170,Unknown,http://liverpool-presbyterian-church.org/,https://preskey.org.au/index.php/new-south-wales-act/item/liverpool-st-paul?category_id=48
Lockhart,Unknown,8.45 (2nd & 4th & 5th Sun),6.00 (1st & 3rd Sun),58 Hebden St,Lockhart,New South Wales,2656,Unknown,http://www.hentylockhartpresy.org.au/,https://preskey.org.au/index.php/new-south-wales-act/item/lockhart?category_id=48
Macksville,Unknown,8.45,Unknown,49 Wallace St,Macksville,New South Wales,2447,Unknown,Unknown,https://preskey.org.au/index.php/new-south-wales-act/item/macksville?category_id=48
Maclean,Unknown,9.30,Unknown,Cnr River & Church Sts,Maclean,New South Wales,2463,Unknown,http://www.macleanpc.org.au,https://preskey.org.au/index.php/new-south-wales-act/item/maclean?category_id=48
Macquarie Chapel,Unknown,8.30am & 10.30am,Unknown,2 Herring Rd,Eastwood,New South Wales,2122,Unknown,http://www.macchap.com.au,https://preskey.org.au/index.php/new-south-wales-act/item/macquarie-chapel?category_id=48
Maitland,Unknown,9.30 a.m.,Unknown,10 Freechurch St,Maitland,New South Wales,2320,Unknown,https://www.maitlandpresbyterianchurch.org.au/,https://preskey.org.au/index.php/new-south-wales-act/item/maitland?category_id=48
"Manilla, St Andrew's",Unknown,9.30,Unknown,Cnr Rowan & Court Sts,Manilla,New South Wales,2346,Unknown,http://manillapresbyterian.org.au,https://preskey.org.au/index.php/new-south-wales-act/item/manilla-st-andrew-s?category_id=48
"Manly, St Andrew's",Unknown,9.45,Unknown,56 Raglan St,Manly,New South Wales,2095,Unknown,http://www.Stamp.org.au,https://preskey.org.au/index.php/new-south-wales-act/item/manly-st-andrew-s?category_id=48
Maroubra,Unknown,10.00,5.00,8 Robey St,Maroubra,New South Wales,2035,Unknown,http://www.maroubrapresbyterian.org.au,https://preskey.org.au/index.php/new-south-wales-act/item/maroubra?category_id=48
Merrylands,Unknown,11.00,Unknown,303 Merrylands Rd,Merrylands,New South Wales,2160,Unknown,Unknown,https://preskey.org.au/index.php/new-south-wales-act/item/merrylands?category_id=48
Merrylands East,Unknown,Arabic at 10am downstairs; English at 10am upstairs,Unknown,Cnr Kimberley & Excelsior Sts,Merrylands,New South Wales,2160,Unknown,http://www.mepchurch.com.au/,https://preskey.org.au/index.php/new-south-wales-act/item/merrylands-east?category_id=48
"Mittagong, St Paul's",Unknown,10.00,Unknown,Cnr Alice & Edwards Sts,Mittagong,New South Wales,2575,Unknown,http://mittagongchurches.org.au,https://preskey.org.au/index.php/new-south-wales-act/item/mittagong-st-paul-s?category_id=48
"Moree, St Andrew's",Unknown,10.00,Unknown,Cnr Albert & Auburn Sts,Moree,New South Wales,2400,Unknown,Unknown,https://preskey.org.au/index.php/new-south-wales-act/item/moree-st-andrew-s?category_id=48
Moruya,Unknown,10.00,Unknown,31 Evans St,Moruya,New South Wales,2537,Unknown,Unknown,https://preskey.org.au/index.php/new-south-wales-act/item/moruya?category_id=48
"Moss Vale, St Andrew's",Unknown,10.00,Unknown,7 Browley St,Moss Vale,New South Wales,2577,Unknown,http://www.mvpc.org.au/,https://preskey.org.au/index.php/new-south-wales-act/item/moss-vale-st-andrew-s?category_id=48
Mt Lambie,Unknown,Unknown,Every fifth Sunday at 2.00pm,Thorpes Pinch Road,Mt Lambie,New South Wales,2790,Unknown,http://bowenfelspresbyterianparish.org.au,https://preskey.org.au/index.php/new-south-wales-act/item/mt-lambie?category_id=48
"Mudgee, St Paul's",Unknown,9.30,Unknown,105 Mortimer St,Mudgee,New South Wales,2850,Unknown,Unknown,https://preskey.org.au/index.php/new-south-wales-act/item/mudgee-st-paul-s?category_id=48
Mullumbimby,Unknown,10.00,Unknown,104 Stuart St,Mullumbimby,New South Wales,2482,Unknown,Unknown,https://preskey.org.au/index.php/new-south-wales-act/item/mullumbimby?category_id=48
"Murwillumbah, St Andrew's",Unknown,9.00,Unknown,16 Wollumbin St,Murwillumbah,New South Wales,2484,Unknown,http://www.pcmurwillumbah.org.au/,https://preskey.org.au/index.php/new-south-wales-act/item/murwillumbah-st-andrew-s?category_id=48
Muswellbrook,Unknown,No Services held at this time,Unknown,100 Hill St,Muswellbrook,New South Wales,2333,Unknown,Unknown,https://preskey.org.au/index.php/new-south-wales-act/item/muswellbrook?category_id=48
Nambucca River,Unknown,10.30,Unknown,35 Centenary Pde,Nambucca Heads,New South Wales,2448,Unknown,Unknown,https://preskey.org.au/index.php/new-south-wales-act/item/nambucca-river?category_id=48
Narooma,Unknown,Unknown,5.00,Marine Pde,Narooma,New South Wales,2546,Unknown,Unknown,https://preskey.org.au/index.php/new-south-wales-act/item/narooma?category_id=48
Narrabri,Unknown,9.00,Unknown,3 Dewhurst St,Narrabri,New South Wales,2390,Unknown,Unknown,https://preskey.org.au/index.php/new-south-wales-act/item/narrabri?category_id=48
"Newcastle, Presbyterian Samoan",Unknown,9.30 Sunday School 11.00,Unknown,137 St James St,New Lambton,New South Wales,2305,Unknown,Unknown,https://preskey.org.au/index.php/new-south-wales-act/item/newcastle-presbyterian-samoan?category_id=48
"Nimbin, St Stephen's",Unknown,11.15 (2nd 4th Sund),Unknown,Cullen St,Nimbin,New South Wales,2480,Unknown,Unknown,https://preskey.org.au/index.php/new-south-wales-act/item/nimbin-st-stephen-s?category_id=48
"North Sydney, St Peter's",Unknown,9.30,6.00,234 Blues Point Rd,North Sydney,New South Wales,2060,Unknown,http://nthsydgreenpc.pcNSW.org.au,https://preskey.org.au/index.php/new-south-wales-act/item/north-sydney-st-peter-s?category_id=48
Ootha,Unknown,Unknown,Unknown,Unknown,Ootha,New South Wales,2797,Unknown,Unknown,https://preskey.org.au/index.php/new-south-wales-act/item/ootha?category_id=48
"Orange, St James",Unknown,10.00,4.00,Cnr Anson St & Matthews Ave,Orange,New South Wales,2800,Unknown,http://www.orangepresbyterian.org.au,https://preskey.org.au/index.php/new-south-wales-act/item/orange-st-james?category_id=48
Parkes,Unknown,Unknown,Unknown,Cnr Gap & Hill Sts,Parkes,New South Wales,2870,Unknown,http://pfphpresbyterian.org.au/about/about-parkes,https://preskey.org.au/index.php/new-south-wales-act/item/parkes?category_id=48
Wentworthville,Unknown,9.00 and 10.30,Unknown,PO Box 365,Wentworthville,New South Wales,2145,Unknown,http://www.wentworthville.org.au,https://preskey.org.au/index.php/new-south-wales-act/item/parramatta-city-wentworthville?category_id=48
Peak Hill,Unknown,9.00 1st Sunday of the Month,Unknown,71 Derribong St,Peak Hill,New South Wales,2869,Unknown,http://pfphpresbyterian.org.au/about/about-peak-hill,https://preskey.org.au/index.php/new-south-wales-act/item/peak-hill?category_id=48
"Penrith, St Andrew's",Unknown,9.00 & 10.30,5.00,9 Doonmore St,Penrith,New South Wales,2750,Unknown,http://www.penrithpresbyterian.com,https://preskey.org.au/index.php/new-south-wales-act/item/penrith-st-andrew-s?category_id=48
Penshurst,Unknown,10.00,Unknown,118 Penshurst St,Penshurst,New South Wales,2222,Unknown,Unknown,https://preskey.org.au/index.php/new-south-wales-act/item/penshurst-st-andrew-s-war-memorial?category_id=48
Pittwater,Unknown,9.30,Unknown,Cnr Robertson Rd & Ocean  Ave,Newport,New South Wales,2106,Unknown,Unknown,https://preskey.org.au/index.php/new-south-wales-act/item/pittwater?category_id=48
Port Macquarie,Unknown,Traditional Service: 8.30am,Unknown,93 William St,Port Macquarie,New South Wales,2444,Unknown,http://www.pmpc.org,https://preskey.org.au/index.php/new-south-wales-act/item/port-macquarie?category_id=48
Portland (NSW),Unknown,"8.30am Second Sunday in February, May, August and November",Unknown,2 Vale St,Portland,New South Wales,2847,Unknown,http://bowenfelspresbyterianparish.org.au/,https://preskey.org.au/index.php/new-south-wales-act/item/portland?category_id=48
Queanbeyan,Unknown,9.30,Unknown,Cnr Morisset & Lowe Sts,Queanbeyan,New South Wales,2620,Unknown,http://queanbeyanpc.org,https://preskey.org.au/index.php/new-south-wales-act/item/queanbeyan?category_id=48
Randwick,Unknown,10.30AM,Unknown,Cnr Alison Rd & Cook St,Randwick,New South Wales,2031,Unknown,http://www.rpc.org.au,https://preskey.org.au/index.php/new-south-wales-act/item/randwick?category_id=48
"Randwick, Indonesian",Unknown,See Side Bar for details,Unknown,Cnr Alison & Cook Sts,Randwick,New South Wales,2031,Unknown,http://www.ipc.org.au,https://preskey.org.au/index.php/new-south-wales-act/item/randwick-indonesian?category_id=48
Riverwood,Unknown,10.00,Unknown,Hannans Rd Public School,Riverwood,New South Wales,2210,Unknown,http://www.riverwoodpressie.org.au,https://preskey.org.au/index.php/new-south-wales-act/item/riverwood?category_id=48
Rockdale,Unknown,9.30 a.m. (Bexley),5.30 p.m. (Rockdale),Cnr Herbert & Watkins St,Rockdale,New South Wales,2216,Unknown,Unknown,https://preskey.org.au/index.php/new-south-wales-act/item/rockdale?category_id=48
Rollands Plains,Unknown,Unknown,7.00 (2nd and 4th Sun),543 Upper Rollands Plains Rd. (this building is 5.43km from the community hall at the centre of Rollands Plains). In a paddock - go through farm gate - can see the building from the gate/road,Rollands Plains,New South Wales,Unknown,Unknown,http://wauchpresbyterian.org,https://preskey.org.au/index.php/new-south-wales-act/item/rollands-plains?category_id=48
Rookhurst,Unknown,11.30 AM (4th Sun each Month),Unknown,Thunderbolt's Way,Rookhurst,New South Wales,2422,Unknown,Unknown,https://preskey.org.au/index.php/new-south-wales-act/item/rookhurst?category_id=48
"Roseville, St Luke's",Unknown,9.30,5.00,28 Lord St,Roseville,New South Wales,2069,Unknown,http://roseville.presbyterian.org.au,https://preskey.org.au/index.php/new-south-wales-act/item/roseville-st-luke-s?category_id=48
Rutherford,Unknown,8.45,Unknown,183-185 New England Hwy,Rutherford,New South Wales,2320,Unknown,https://www.facebook.com/maitlandpresbyterianchurch/,https://preskey.org.au/index.php/new-south-wales-act/item/rutherford-mackay-memorial?category_id=48
"Ryde, St James",Unknown,10.00,Unknown,Bowden St (Cnr Squire St),Ryde,New South Wales,2112,Unknown,http://achurchinryde.com,https://preskey.org.au/index.php/new-south-wales-act/item/ryde-st-james?category_id=48
Scone,Unknown,Unknown,3.00,37 Guernsey St,Scone,New South Wales,2337,Unknown,Unknown,https://preskey.org.au/index.php/new-south-wales-act/item/scone?category_id=48
Sydney Liberty,Unknown,"9.30 (English), 11.00 (Korean)",1.00,5 South St,Rydalmere,New South Wales,2116,Unknown,Unknown,https://preskey.org.au/index.php/new-south-wales-act/item/siloam-korean?category_id=48
Singleton,Unknown,9.30,Unknown,7-9 Elizabeth St,Singleton,New South Wales,2330,Unknown,Unknown,https://preskey.org.au/index.php/new-south-wales-act/item/singleton?category_id=48
Connect South Grafton,Unknown,9.00,7.00,69 Wharf St,South Grafton,New South Wales,2460,Unknown,Unknown,https://preskey.org.au/index.php/new-south-wales-act/item/connect-south-grafton-presbyterian-church?category_id=48
"South Wagga Wagga, St Aidan's",Unknown,9.00 & 10.30,5.00,62-64 Coleman St,South Wagga Wagga,New South Wales,2650,Unknown,http://staidanswagga.org.au,https://preskey.org.au/index.php/new-south-wales-act/item/south-wagga-wagga-st-aidan-s?category_id=48
"Southern Cross, Lismore",Unknown,9.30,6.00,8-10 Park Ave,East Lismore,New South Wales,2480,Unknown,http://www.scpc.org.au,https://preskey.org.au/index.php/new-south-wales-act/item/southern-cross-lismore?category_id=48
Springwood,Unknown,10.30,6.00,160 Macquarie Rd,Springwood,New South Wales,2777,Unknown,http://springwoodpresbyterianchurches.org.au,https://preskey.org.au/index.php/new-south-wales-act/item/springwood?category_id=48
St Marys,Unknown,9.30,6.30,16 Marsden St,St Marys,New South Wales,2760,Unknown,http://stmaryspres.org/,https://preskey.org.au/index.php/new-south-wales-act/item/st-marys?category_id=48
"Sutherland, St Andrew's",Unknown,9.30,Unknown,90 Glencoe Sts,Sutherland,New South Wales,2232,Unknown,Unknown,https://preskey.org.au/index.php/new-south-wales-act/item/sutherland-st-andrew-s?category_id=48
Swansea,Unknown,8.00,Unknown,20 Macquarie St,Swansea,New South Wales,2281,Unknown,https://swanseapresbyterian.wordpress.com/,https://preskey.org.au/index.php/new-south-wales-act/item/swansea?category_id=48
Sydney,Unknown,10.30,Unknown,44 Margaret St,Sydney,New South Wales,2000,Unknown,http://www.scotschurchsydney.org,https://preskey.org.au/index.php/new-south-wales-act/item/sydney?category_id=48
Tamworth Community,Unknown,10.00,Unknown,"Tamworth South Public School, Woodward Avenue",South Tamworth,New South Wales,2340,Unknown,http://www.tcpc.org.au,https://preskey.org.au/index.php/new-south-wales-act/item/tamworth-community?category_id=48
"Tamworth, St Stephen's",Unknown,9.00,Unknown,18B Mathews Street,Tamworth,New South Wales,2340,Unknown,http://ststephenstamworth.com.au,https://preskey.org.au/index.php/new-south-wales-act/item/tamworth-st-stephen-s?category_id=48
"Taralga, St Stephen's",Unknown,11.30,Unknown,Bannaby St,Taralga,New South Wales,2580,Unknown,Unknown,https://preskey.org.au/index.php/new-south-wales-act/item/taralga-st-stephen-s?category_id=48
Taree,Unknown,9.00,6.00,78 Albert St,Taree,New South Wales,2430,Unknown,http://tareepresbyterian.com.au,https://preskey.org.au/index.php/new-south-wales-act/item/taree?category_id=48
Temora,Unknown,9.00,Unknown,De Boos St,Temora,New South Wales,2666,Unknown,https://temorapresbyterian.wordpress.com,https://preskey.org.au/index.php/new-south-wales-act/item/temora?category_id=48
"Tenterfield, St Stephen's",Unknown,10.00,Unknown,117 Logan St,Tenterfield,New South Wales,2372,Unknown,http://tp4c.org.au,https://preskey.org.au/index.php/new-south-wales-act/item/tenterfield-st-stephen-s?category_id=48
Terrigal,Unknown,9.00,Unknown,2 Willoughby Rd,Terrigal,New South Wales,2260,Unknown,http://terrigalpc.org.au,https://preskey.org.au/index.php/new-south-wales-act/item/terrigal-presbyterian-church?category_id=48
"The Entrance, St Andrew's",Unknown,"9am (English), 11am (Korean)",Unknown,136 The Entrance Rd,The Entrance,New South Wales,2261,Unknown,https://www.theentrancepc.org,https://preskey.org.au/index.php/new-south-wales-act/item/the-entrance-st-andrew-s?category_id=48
Tooraweenah,Unknown,9.00 (4th Sunday of the month),Unknown,Unknown,Tooraweenah,New South Wales,2827,Unknown,http://www.gilgandrapc.com,https://preskey.org.au/index.php/new-south-wales-act/item/tooraweenah?category_id=48
Tottenham,Unknown,Unknown,4.00,Umang St,Tottenham,New South Wales,2873,Unknown,Unknown,https://preskey.org.au/index.php/new-south-wales-act/item/tottenham?category_id=48
"Toukley, St David's",Unknown,9.30,6.00 (2nd and 3rd Sun of Quarter),Cnr Victoria Ave & Hargraves St,Toukley,New South Wales,2263,Unknown,Unknown,https://preskey.org.au/index.php/new-south-wales-act/item/toukley-st-david-s?category_id=48
Trundle,Unknown,9.00,6.00 (4th Sunday),Gobondery St,Trundle,New South Wales,2875,Unknown,Unknown,https://preskey.org.au/index.php/new-south-wales-act/item/trundle?category_id=48
Tullamore,Unknown,11.15,Unknown,Cnr Kitchener & Haylock Sts,Tullamore,New South Wales,2874,Unknown,Unknown,https://preskey.org.au/index.php/new-south-wales-act/item/tullamore?category_id=48
Tuross Head,Unknown,8.00,Unknown,Cnr Hector McWilliam Dr & Drake St,Tuross Head,New South Wales,2537,Unknown,Unknown,https://preskey.org.au/index.php/new-south-wales-act/item/tuross-head?category_id=48
Tweed Heads,Unknown,9.00 am (traditional) and 10.45 am (contemporary family),Unknown,Cnr Wharf & Florence Sts,Tweed Heads,New South Wales,2485,Unknown,http://www.tweedpc.org.au,https://preskey.org.au/index.php/new-south-wales-act/item/tweed-heads?category_id=48
Unanderra,Unknown,9.30,Unknown,Cnr Maynes Prd & Hargraves St,Unanderra,New South Wales,2526,Unknown,http://www.unanderrapresychurch.com.au,https://preskey.org.au/index.php/new-south-wales-act/item/unanderra?category_id=48
"Wagga Wagga, St Andrew's",Unknown,8:45am. 10:30am.,Unknown,Cross St,Wagga Wagga,New South Wales,2650,Unknown,http://www.saintandrews.net.au,https://preskey.org.au/index.php/new-south-wales-act/item/wagga-wagga-st-andrew-s?category_id=48
Wahroonga,Unknown,9.30,Unknown,Cnr Stuart St & Illoura Ave,Wahroonga,New South Wales,2076,Unknown,http://www.wpc.net.au,https://preskey.org.au/index.php/new-south-wales-act/item/wahroonga?category_id=48
"Walcha, St Paul's",Unknown,9.30,Unknown,14E Hill St,Walcha,New South Wales,2354,Unknown,http://www.walchapc.org.au,https://preskey.org.au/index.php/new-south-wales-act/item/walcha-st-paul-s?category_id=48
Wallerawang,Unknown,8.30am first and third Sundays,Unknown,Main Street,Wallerawang,New South Wales,2790,Unknown,http://bowenfelspresbyterianparish.org.au,https://preskey.org.au/index.php/new-south-wales-act/item/wallerawang?category_id=48
Grace (Wallsend),Unknown,10.00,Unknown,144 Nelson St,Wallsend,New South Wales,2287,Unknown,Unknown,https://preskey.org.au/index.php/new-south-wales-act/item/wallsend?category_id=48
Wards River,Unknown,11.30 AM (1st Sun Each Month),Unknown,Bucketts Way,Wards River,New South Wales,2422,Unknown,Unknown,https://preskey.org.au/index.php/new-south-wales-act/item/wards-river?category_id=48
Warialda,Unknown,Unknown,Unknown,Stephen St,Warialda,New South Wales,2402,Unknown,Unknown,https://preskey.org.au/index.php/new-south-wales-act/item/warialda?category_id=48
"Warren, St Andrew's",Unknown,9.30,Unknown,Burton St,Warren,New South Wales,2824,Unknown,Unknown,https://preskey.org.au/index.php/new-south-wales-act/item/warren-st-andrew-s?category_id=48
Wauchope,Unknown,9.30,Unknown,"Wauchope Country Club Auditorium, 24 King Street",Wauchope,New South Wales,2446,Unknown,http://www.wauchopepresbyterian.org,https://preskey.org.au/index.php/new-south-wales-act/item/wauchope?category_id=48
Wee Waa,Unknown,10.30 (W) 9.15 (S),Unknown,Mitchel St,Wee Waa,New South Wales,2388,Unknown,Unknown,https://preskey.org.au/index.php/new-south-wales-act/item/wee-waa?category_id=48
Wentworth Falls,Unknown,9.00 am,Unknown,62 Falls Rd,Wentworth Falls,New South Wales,2782,Unknown,Unknown,https://preskey.org.au/index.php/new-south-wales-act/item/wentworth-falls?category_id=48
"West Wyalong, Pioneer Memorial",Unknown,10.30,Unknown,See Sidebar Notes,West Wyalong,New South Wales,2671,Unknown,http://www.wwpreschurch.org,https://preskey.org.au/index.php/new-south-wales-act/item/west-wyalong-pioneer-memorial?category_id=48
"Hope at the Hill, Rooty Hill",Unknown,10.00,Unknown,12 Rooty Hill Rd,Rooty Hill,New South Wales,2766,Unknown,http://rootyhill.church,https://preskey.org.au/index.php/new-south-wales-act/item/western-blacktown?category_id=48
"Windsor, Hawkesbury District",Unknown,10.00,Unknown,46 Drummond St,Windsor,New South Wales,2756,Unknown,http://hdpc.org.au,https://preskey.org.au/index.php/new-south-wales-act/item/windsor-hawkesbury-district?category_id=48
Wingham,Unknown,9.30,Unknown,32 Moon St,Wingham,New South Wales,2429,Unknown,http://www.winghampresbyterian.com/,https://preskey.org.au/index.php/new-south-wales-act/item/wingham?category_id=48
Winmalee,Unknown,9.00,Unknown,481 Hawkesbury Rd,Winmalee,New South Wales,2777,Unknown,Unknown,https://preskey.org.au/index.php/new-south-wales-act/item/winmalee?category_id=48
Wollomombi / Kilcoy,Unknown,Unknown,3.00 (3rd Sunday of the month),Wollomombi Village Rd,Wollomombi,New South Wales,2350,Unknown,Unknown,https://preskey.org.au/index.php/new-south-wales-act/item/wollomombi-kilcoy?category_id=48
Wollondilly,Unknown,9.15,5.30,Abelia St,Tahmoor,New South Wales,2573,Unknown,Unknown,https://preskey.org.au/index.php/new-south-wales-act/item/wollondilly?category_id=48
Crossroads (Wollongbar),Unknown,9.30,Unknown,"Wollongbar Public School, Simpsons Ave",Wollongbar,New South Wales,2477,Unknown,http://crpc.org.au,https://preskey.org.au/index.php/new-south-wales-act/item/crossroads-wollongbar?category_id=48
Woolbrook,Unknown,8.00 (1st Sun of Month),Unknown,Church St,Woolbrook,New South Wales,2354,Unknown,http://www.walchapc.org.au,https://preskey.org.au/index.php/new-south-wales-act/item/woolbrook?category_id=48
Woonona,Unknown,8.00 & 9.30,6.00,7 Gray St,Woonona,New South Wales,2517,Unknown,http://www.woononapcc.org.au/,https://preskey.org.au/index.php/new-south-wales-act/item/woonona?category_id=48
"Woy Woy, St David's",Unknown,9.00 & 10.30,Unknown,118-120 Blackwall Rd,Woy Woy,New South Wales,2256,Unknown,http://woywoypresbyterian.org,https://preskey.org.au/index.php/new-south-wales-act/item/woy-woy-st-david-s?category_id=48
Yamba,Unknown,10.15,Unknown,2 Freeburn St,Yamba,New South Wales,2464,Unknown,http://www.ypc.org.au,https://preskey.org.au/index.php/new-south-wales-act/item/yamba?category_id=48
Yerong Creek,Unknown,no regular service,Unknown,2-4 Cole St,Yerong Creek,New South Wales,2642,Unknown,Unknown,https://preskey.org.au/index.php/new-south-wales-act/item/yerong-creek?category_id=48
Young,Unknown,9.30,Unknown,Cnr Lynch & Lovell Sts,Young,New South Wales,2549,Unknown,http://youngpc.org.au/,https://preskey.org.au/index.php/new-south-wales-act/item/young?category_id=48
"Canberra, Church of St Andrew",Unknown,9.30,5.00,1 State Circle,Forrest,Australian Capital Territory,2603,Unknown,http://www.standrewscanberra.com,https://preskey.org.au/index.php/new-south-wales-act/item/canberra-church-of-st-andrew?category_id=48
"Gungahlin-Ngunnawal, New Life",Unknown,10am Ngunnawal Primary School Cnr Unaipon & Wanganeen Ave,Sunday 4pm New Life Presbyterian Church 107 Wanganeen Ave,107 Wanganeen Ave,Ngunnawal,Australian Capital Territory,2913,Unknown,http://www.nlpc.church,https://preskey.org.au/index.php/new-south-wales-act/item/gungahlin-new-life?category_id=48
Tuggeranong,Unknown,10.00,5.00,"Gowrie Primary School, Jeffries St",Gowrie,Australian Capital Territory,2904,Unknown,http://www.tpc.org.au,https://preskey.org.au/index.php/new-south-wales-act/item/tuggeranong?category_id=48
Weston Creek,Unknown,9.30,Unknown,Mahony Crt,Weston,Australian Capital Territory,2611,Unknown,Unknown,https://preskey.org.au/index.php/new-south-wales-act/item/weston-creek?category_id=48
Unknown,Unknown,Unknown,Unknown,Unknown,Unknown,New South Wales,Unknown,Unknown,Unknown,https://preskey.org.au/index.php/new-south-wales-act/item/david-gae-mcdonald?category_id=48
Kingsford (Kingsway),Unknown,9.00,4.00,94 Houston Rd,Kingsford,New South Wales,2019,Unknown,http://www.kingswaychurch.org.au,https://preskey.org.au/index.php/new-south-wales-act/item/kingsford-kingsway?category_id=48
Captivate (Chinese),Unknown,Unknown,Unknown,201 Coxs Road,North Ryde,New South Wales,2113,Unknown,Unknown,https://preskey.org.au/index.php/new-south-wales-act/item/captivate?category_id=48
"Anna Bay, Port Stephens,  Nelson Bay (Gateway)",Unknown,9.30,5.00,43 Gan Gan Road,Anna Bay,New South Wales,2316,Unknown,http://gatewaypresbyterian.org.au/,https://preskey.org.au/index.php/new-south-wales-act/item/port-stephens-nelson-bay?category_id=48
GracePoint (Burwood PM),Unknown,Unknown,5.00,205 Burwood Road,Burwood,New South Wales,2134,Unknown,http://gracepoint.org.au,https://preskey.org.au/index.php/new-south-wales-act/item/gracepoint-burwood-pm?category_id=48
GracePoint (Burwood AM),Unknown,10.00,Unknown,"Fitzroy Centre, 22 Church St",Burwood,New South Wales,2134,Unknown,http://gracepoint.org.au,https://preskey.org.au/index.php/new-south-wales-act/item/gracepoint-two?category_id=48
GracePoint (Lidcombe),Unknown,9.45,Unknown,36-40 James Street,Lidcombe,New South Wales,2141,Unknown,http://gracepoint.org.au,https://preskey.org.au/index.php/new-south-wales-act/item/gracepoint-lidcombe-am?category_id=48
GracePoint (Chinese),Unknown,"9.30 Mandarin, 11.00 Cantonese",5.00 Cantonese,36-40 James Street,Lidcombe,New South Wales,2141,Unknown,http://gcpc.org.au,https://preskey.org.au/index.php/new-south-wales-act/item/gracepoint-chinese?category_id=48
Chinese Christian Bilingual,Unknown,Unknown,Unknown,234 Blues Point Rd,North Sydney,New South Wales,2060,Unknown,http://www.ccbc.co,https://preskey.org.au/index.php/new-south-wales-act/item/chinese-christian-bilingual?category_id=48
Moonbi,Unknown,9.00,Unknown,52 Gill St,Moonbi,New South Wales,2353,Unknown,Unknown,https://preskey.org.au/index.php/new-south-wales-act/item/moonbi?category_id=48
Hornsby,Unknown,9.30,Unknown,48-58 Clarke Road,Hornsby,New South Wales,2077,Unknown,http://www.hornsbypc.org.au,https://preskey.org.au/index.php/new-south-wales-act/item/hornsby?category_id=48
Kalos (Korean),Unknown,Unknown,Unknown,Cnr Victoria & Pittwater Streets,Gladesville,New South Wales,2111,Unknown,Unknown,https://preskey.org.au/index.php/new-south-wales-act/item/kalos-korean?category_id=48
South Coast (Burrill Lake),Unknown,10.00,Unknown,Burrill Lake Community Hall (67 Princes Hwy),Burrill Lake,New South Wales,2539,Unknown,Unknown,https://preskey.org.au/index.php/new-south-wales-act/item/south-coast-presbyterian-church?category_id=48
Cornerstone (Rhodes),Unknown,9.00,Unknown,"30 Shoreline Dr,",Rhodes,New South Wales,2138,Unknown,http://www.cornerstonechurch.com.au,https://preskey.org.au/index.php/new-south-wales-act/item/cornerstone-rhodes?category_id=48
Moorooka,Unknown,9:30,Unknown,"The Lions Hall, 131 Koala Rd",Moorooka,Queensland,4105,Unknown,http://moorooka.church,https://preskey.org.au/index.php/new-south-wales-act/item/moorooka?category_id=48
South West Rocks,Unknown,11.00,Unknown,South West Rocks Public School,South West Rocks,New South Wales,2431,Unknown,http://kswrpc.org,https://preskey.org.au/index.php/new-south-wales-act/item/south-west-rocks-2?category_id=48
"City Park, Newcastle",Unknown,10.00,Unknown,Cnr Laman & Auckland Sts,Newcastle,New South Wales,2300,Unknown,http://www.newcastlepresbyterian.org.au,https://preskey.org.au/index.php/new-south-wales-act/item/newcastle-st-andrew?category_id=48
Harvest Presbyterian Church (Berrigan),Unknown,9.00,Unknown,Cnr Budd & Cobram Sts,Berrigan,New South Wales,2712,Unknown,Unknown,https://preskey.org.au/index.php/new-south-wales-act/item/berrigan?category_id=48
Harvest Presbyterian Church (Finley),Unknown,11.00,7.00,19 Denison St,Finley,New South Wales,2713,Unknown,Unknown,https://preskey.org.au/index.php/new-south-wales-act/item/finley?category_id=48
Hurstville Presbyterian Church,Unknown,9.30,6.30,Cnr Park Rd & MacMahon St,Hurstville,New South Wales,2220,Unknown,http://www.hurstvillepresbyterian.org/,https://preskey.org.au/index.php/new-south-wales-act/item/hurstville-st-giles?category_id=48
"Redemption Hill, (Green Square)",Unknown,10.00,Unknown,3/1 Durham St,Stanmore,New South Wales,2048,Unknown,http://www.redemptionhill.com.au,https://preskey.org.au/index.php/new-south-wales-act/item/redemption-hill-greensquare?category_id=48
Revesby,Unknown,9.00,6.30,Cnr Tower St & Eastern Ave,Revesby,New South Wales,2212,Unknown,http://www.revesbypc.org.au,https://preskey.org.au/index.php/new-south-wales-act/item/revesby?category_id=48
"Mosman, Scots Kirk",Unknown,9.00,Unknown,9 Belmont Rd,Mosman,New South Wales,2088,Unknown,http://scotskirkmosman.org.au/,https://preskey.org.au/index.php/new-south-wales-act/item/mosman-scots-kirk?category_id=48
Nowra,Unknown,9.30,7.00,3 Kinghorne St,Nowra,New South Wales,2541,Unknown,Unknown,https://preskey.org.au/index.php/new-south-wales-act/item/nowra?category_id=48
St Ives - Pymble,Unknown,9.30,Unknown,258 Mona Vale Rd,St Ives,New South Wales,2075,Unknown,http://www.stivespymblepc.org.au,https://preskey.org.au/index.php/new-south-wales-act/item/st-ives-st-andrew-s?category_id=48
"St Andrew's Scots, Rose Bay",Unknown,10.00,Unknown,Cnr Dover Rd & Carlisle St,Rose Bay,New South Wales,2029,Unknown,http://www.standrewsscots.org,https://preskey.org.au/index.php/new-south-wales-act/item/rose-bay-st-andrew-s?category_id=48
Sydney Living Hope Community Church,Unknown,Unknown,Unknown,"Unit 1, 3 Coal St,",Silverwater,New South Wales,2128,Unknown,Unknown,https://preskey.org.au/index.php/new-south-wales-act/item/sydney-living-hope-community-church?category_id=48
Tregear,Unknown,9.30,Unknown,117 Ellsworth Dr,Tregear,New South Wales,2770,Unknown,https://m.facebook.com/TregearPresbyterian/?ref=bookmarks,https://preskey.org.au/index.php/new-south-wales-act/item/tregear?category_id=48
Woodford (NSW),Unknown,9.00,Unknown,88-89 Great Western Highway,Woodford,New South Wales,2778,Unknown,http://www.woodfordchurch.org.au,https://preskey.org.au/index.php/new-south-wales-act/item/woodford-nsw?category_id=48
